INSERT INTO finca.terreno_agricola (Hectareas, Tipo, Estado) VALUES (10, 'Cultivo de maíz', 'Disponible');
INSERT INTO finca.terreno_agricola (Hectareas, Tipo, Estado) VALUES (15, 'Cultivo de café', 'Ocupado');
INSERT INTO finca.terreno_agricola (Hectareas, Tipo, Estado) VALUES (20, 'Cultivo de frijoles', 'Disponible');
INSERT INTO finca.terreno_agricola (Hectareas, Tipo, Estado) VALUES (12, 'Cultivo de papa', 'Ocupado');
INSERT INTO finca.terreno_agricola (Hectareas, Tipo, Estado) VALUES (25, 'Cultivo de yuca', 'Disponible');
INSERT INTO finca.terreno_agricola (Hectareas, Tipo, Estado) VALUES (30, 'Cultivo de plátano', 'Ocupado');
INSERT INTO finca.terreno_agricola (Hectareas, Tipo, Estado) VALUES (18, 'Cultivo de tomate', 'Disponible');
INSERT INTO finca.terreno_agricola (Hectareas, Tipo, Estado) VALUES (22, 'Cultivo de cebolla', 'Ocupado');
INSERT INTO finca.terreno_agricola (Hectareas, Tipo, Estado) VALUES (8, 'Cultivo de zanahoria', 'Disponible');
INSERT INTO finca.terreno_agricola (Hectareas, Tipo, Estado) VALUES (14, 'Cultivo de aguacate', 'Ocupado');
INSERT INTO finca.terreno_agricola (Hectareas, Tipo, Estado) VALUES (27, 'Cultivo de caña de azúcar', 'Disponible');
INSERT INTO finca.terreno_agricola (Hectareas, Tipo, Estado) VALUES (9, 'Cultivo de chía', 'Ocupado');
INSERT INTO finca.terreno_agricola (Hectareas, Tipo, Estado) VALUES (13, 'Cultivo de hierbas aromáticas', 'Disponible');
INSERT INTO finca.terreno_agricola (Hectareas, Tipo, Estado) VALUES (19, 'Cultivo de melón', 'Ocupado');
INSERT INTO finca.terreno_agricola (Hectareas, Tipo, Estado) VALUES (11, 'Cultivo de fresa', 'Disponible');
INSERT INTO finca.terreno_agricola (Hectareas, Tipo, Estado) VALUES (16, 'Cultivo de pepino', 'Ocupado');
INSERT INTO finca.terreno_agricola (Hectareas, Tipo, Estado) VALUES (28, 'Cultivo de sandía', 'Disponible');
INSERT INTO finca.terreno_agricola (Hectareas, Tipo, Estado) VALUES (7, 'Cultivo de pimiento', 'Ocupado');
INSERT INTO finca.terreno_agricola (Hectareas, Tipo, Estado) VALUES (21, 'Cultivo de guanábana', 'Disponible');
INSERT INTO finca.terreno_agricola (Hectareas, Tipo, Estado) VALUES (24, 'Cultivo de durazno', 'Ocupado');
INSERT INTO finca.terreno_agricola (Hectareas, Tipo, Estado) VALUES (17, 'Cultivo de arveja', 'Disponible');
INSERT INTO finca.terreno_agricola (Hectareas, Tipo, Estado) VALUES (6, 'Cultivo de frutilla', 'Ocupado');
INSERT INTO finca.terreno_agricola (Hectareas, Tipo, Estado) VALUES (29, 'Cultivo de hortalizas mixtas', 'Disponible');
INSERT INTO finca.terreno_agricola (Hectareas, Tipo, Estado) VALUES (3, 'Cultivo de espinaca', 'Ocupado');
INSERT INTO finca.terreno_agricola (Hectareas, Tipo, Estado) VALUES (4, 'Cultivo de brócoli', 'Disponible');
INSERT INTO finca.terreno_agricola (Hectareas, Tipo, Estado) VALUES (5, 'Cultivo de remolacha', 'Ocupado');
INSERT INTO finca.terreno_agricola (Hectareas, Tipo, Estado) VALUES (26, 'Cultivo de alfalfa', 'Disponible');
INSERT INTO finca.terreno_agricola (Hectareas, Tipo, Estado) VALUES (2, 'Cultivo de repollo', 'Ocupado');
INSERT INTO finca.terreno_agricola (Hectareas, Tipo, Estado) VALUES (1, 'Cultivo de coliflor', 'Disponible');
INSERT INTO finca.terreno_agricola (Hectareas, Tipo, Estado) VALUES (23, 'Cultivo de lichi', 'Ocupado');
INSERT INTO finca.terreno_agricola (Hectareas, Tipo, Estado) VALUES (9, 'Cultivo de pimientos', 'Disponible');
INSERT INTO finca.terreno_agricola (Hectareas, Tipo, Estado) VALUES (11, 'Cultivo de achiote', 'Ocupado');
INSERT INTO finca.terreno_agricola (Hectareas, Tipo, Estado) VALUES (5, 'Cultivo de pitaya', 'Disponible');
INSERT INTO finca.terreno_agricola (Hectareas, Tipo, Estado) VALUES (12, 'Cultivo de cerezos', 'Ocupado');
INSERT INTO finca.terreno_agricola (Hectareas, Tipo, Estado) VALUES (19, 'Cultivo de nanches', 'Disponible');
INSERT INTO finca.terreno_agricola (Hectareas, Tipo, Estado) VALUES (26, 'Cultivo de ciruelas', 'Ocupado');
INSERT INTO finca.terreno_agricola (Hectareas, Tipo, Estado) VALUES (13, 'Cultivo de kiwi', 'Disponible');
INSERT INTO finca.terreno_agricola (Hectareas, Tipo, Estado) VALUES (30, 'Cultivo de castañas', 'Ocupado');
INSERT INTO finca.terreno_agricola (Hectareas, Tipo, Estado) VALUES (8, 'Cultivo de hortalizas', 'Disponible');
INSERT INTO finca.terreno_agricola (Hectareas, Tipo, Estado) VALUES (17, 'Cultivo de uvas', 'Ocupado');
INSERT INTO finca.terreno_agricola (Hectareas, Tipo, Estado) VALUES (15, 'Cultivo de moras', 'Disponible');
INSERT INTO finca.terreno_agricola (Hectareas, Tipo, Estado) VALUES (14, 'Cultivo de cebollín', 'Ocupado');
INSERT INTO finca.terreno_agricola (Hectareas, Tipo, Estado) VALUES (10, 'Cultivo de ginseng', 'Disponible');
INSERT INTO finca.terreno_agricola (Hectareas, Tipo, Estado) VALUES (21, 'Cultivo de guanábana', 'Ocupado');
INSERT INTO finca.terreno_agricola (Hectareas, Tipo, Estado) VALUES (29, 'Cultivo de hierbas medicinales', 'Disponible');
INSERT INTO finca.terreno_agricola (Hectareas, Tipo, Estado) VALUES (24, 'Cultivo de lavanda', 'Ocupado');
INSERT INTO finca.terreno_agricola (Hectareas, Tipo, Estado) VALUES (23, 'Cultivo de espárragos', 'Disponible');
INSERT INTO finca.terreno_agricola (Hectareas, Tipo, Estado) VALUES (22, 'Cultivo de fresas', 'Ocupado');


INSERT INTO finca.agricola (Tipo, Cantidad, Fecha_Siembra, Fecha_Cosecha, Estado, idTerreno_Agricola) VALUES ('Maíz', 1000, '2024-01-15', '2024-05-15', 'Cosechado', 1); -- 1
INSERT INTO finca.agricola (Tipo, Cantidad, Fecha_Siembra, Fecha_Cosecha, Estado, idTerreno_Agricola) VALUES ('Café', 500, '2024-02-10', '2024-09-10', 'Cosechado', 2); -- 2
INSERT INTO finca.agricola (Tipo, Cantidad, Fecha_Siembra, Fecha_Cosecha, Estado, idTerreno_Agricola) VALUES ('Frijoles', 700, '2024-03-01', '2024-07-01', 'Cosechado', 3); -- 3
INSERT INTO finca.agricola (Tipo, Cantidad, Fecha_Siembra, Fecha_Cosecha, Estado, idTerreno_Agricola) VALUES ('Papa', 800, '2024-01-20', '2024-06-20', 'Cosechado', 4); -- 4
INSERT INTO finca.agricola (Tipo, Cantidad, Fecha_Siembra, Fecha_Cosecha, Estado, idTerreno_Agricola) VALUES ('Yuca', 600, '2024-03-15', '2024-10-15', 'Por cosechar', 5); -- 5
INSERT INTO finca.agricola (Tipo, Cantidad, Fecha_Siembra, Fecha_Cosecha, Estado, idTerreno_Agricola) VALUES ('Plátano', 300, '2024-03-05', '2024-10-05', 'Cosechado', 6); -- 6
INSERT INTO finca.agricola (Tipo, Cantidad, Fecha_Siembra, Fecha_Cosecha, Estado, idTerreno_Agricola) VALUES ('Tomate', 450, '2024-01-25', '2024-05-25', 'Cosechado', 7); -- 7
INSERT INTO finca.agricola (Tipo, Cantidad, Fecha_Siembra, Fecha_Cosecha, Estado, idTerreno_Agricola) VALUES ('Cebolla', 500, '2024-02-20', '2024-07-20', 'Cosechado', 8); -- 8
INSERT INTO finca.agricola (Tipo, Cantidad, Fecha_Siembra, Fecha_Cosecha, Estado, idTerreno_Agricola) VALUES ('Zanahoria', 400, '2024-03-10', '2024-09-10', 'Cosechado', 9); -- 9
INSERT INTO finca.agricola (Tipo, Cantidad, Fecha_Siembra, Fecha_Cosecha, Estado, idTerreno_Agricola) VALUES ('Aguacate', 350, '2024-01-30', '2024-11-30', 'En crecimiento', 10); -- 10
INSERT INTO finca.agricola (Tipo, Cantidad, Fecha_Siembra, Fecha_Cosecha, Estado, idTerreno_Agricola) VALUES ('Caña de azúcar', 900, '2024-02-25', '2024-12-25', 'En crecimiento', 11); -- 11
INSERT INTO finca.agricola (Tipo, Cantidad, Fecha_Siembra, Fecha_Cosecha, Estado, idTerreno_Agricola) VALUES ('Chía', 200, '2024-01-05', '2024-06-05', 'Cosechado', 12); -- 12
INSERT INTO finca.agricola (Tipo, Cantidad, Fecha_Siembra, Fecha_Cosecha, Estado, idTerreno_Agricola) VALUES ('Hierbas aromáticas', 150, '2024-02-05', '2024-05-05', 'Cosechado', 13); -- 13
INSERT INTO finca.agricola (Tipo, Cantidad, Fecha_Siembra, Fecha_Cosecha, Estado, idTerreno_Agricola) VALUES ('Melón', 300, '2024-03-15', '2024-08-15', 'Por cosechar', 14); -- 14
INSERT INTO finca.agricola (Tipo, Cantidad, Fecha_Siembra, Fecha_Cosecha, Estado, idTerreno_Agricola) VALUES ('Fresa', 200, '2024-01-10', '2024-05-10', 'Cosechado', 15); -- 15
INSERT INTO finca.agricola (Tipo, Cantidad, Fecha_Siembra, Fecha_Cosecha, Estado, idTerreno_Agricola) VALUES ('Pepino', 250, '2024-02-18', '2024-07-18', 'Cosechado', 16); -- 16
INSERT INTO finca.agricola (Tipo, Cantidad, Fecha_Siembra, Fecha_Cosecha, Estado, idTerreno_Agricola) VALUES ('Sandía', 350, '2024-03-20', '2024-09-20', 'Cosechado', 17); -- 17
INSERT INTO finca.agricola (Tipo, Cantidad, Fecha_Siembra, Fecha_Cosecha, Estado, idTerreno_Agricola) VALUES ('Pimiento', 400, '2024-02-12', '2024-08-12', 'Cosechado', 18); -- 18
INSERT INTO finca.agricola (Tipo, Cantidad, Fecha_Siembra, Fecha_Cosecha, Estado, idTerreno_Agricola) VALUES ('Guanábana', 100, '2024-04-05', '2024-10-05', 'Por cosechar', 19); -- 19
INSERT INTO finca.agricola (Tipo, Cantidad, Fecha_Siembra, Fecha_Cosecha, Estado, idTerreno_Agricola) VALUES ('Durazno', 80, '2024-01-25', '2024-08-25', 'Cosechado', 20); -- 20
INSERT INTO finca.agricola (Tipo, Cantidad, Fecha_Siembra, Fecha_Cosecha, Estado, idTerreno_Agricola) VALUES ('Arveja', 600, '2024-03-08', '2024-06-08', 'Cosechado', 21); -- 21
INSERT INTO finca.agricola (Tipo, Cantidad, Fecha_Siembra, Fecha_Cosecha, Estado, idTerreno_Agricola) VALUES ('Frutilla', 450, '2024-01-30', '2024-05-30', 'Cosechado', 22); -- 22
INSERT INTO finca.agricola (Tipo, Cantidad, Fecha_Siembra, Fecha_Cosecha, Estado, idTerreno_Agricola) VALUES ('Hortalizas mixtas', 300, '2024-02-18', '2024-09-18', 'Cosechado', 23); -- 23
INSERT INTO finca.agricola (Tipo, Cantidad, Fecha_Siembra, Fecha_Cosecha, Estado, idTerreno_Agricola) VALUES ('Espinaca', 250, '2024-01-10', '2024-05-10', 'Cosechado', 24); -- 24
INSERT INTO finca.agricola (Tipo, Cantidad, Fecha_Siembra, Fecha_Cosecha, Estado, idTerreno_Agricola) VALUES ('Brócoli', 400, '2024-03-15', '2024-10-15', 'Por cosechar', 25); -- 25
INSERT INTO finca.agricola (Tipo, Cantidad, Fecha_Siembra, Fecha_Cosecha, Estado, idTerreno_Agricola) VALUES ('Remolacha', 150, '2024-02-28', '2024-08-28', 'Cosechado', 26); -- 26
INSERT INTO finca.agricola (Tipo, Cantidad, Fecha_Siembra, Fecha_Cosecha, Estado, idTerreno_Agricola) VALUES ('Alfalfa', 200, '2024-03-01', '2024-06-01', 'Cosechado', 27); -- 27
INSERT INTO finca.agricola (Tipo, Cantidad, Fecha_Siembra, Fecha_Cosecha, Estado, idTerreno_Agricola) VALUES ('Repollo', 100, '2024-02-12', '2024-07-12', 'Cosechado', 28); -- 28
INSERT INTO finca.agricola (Tipo, Cantidad, Fecha_Siembra, Fecha_Cosecha, Estado, idTerreno_Agricola) VALUES ('Coliflor', 80, '2024-03-10', '2024-09-10', 'Cosechado', 29); -- 29
INSERT INTO finca.agricola (Tipo, Cantidad, Fecha_Siembra, Fecha_Cosecha, Estado, idTerreno_Agricola) VALUES ('Berenjena', 90, '2024-02-14', '2024-08-14', 'Cosechado', 30); -- 30
INSERT INTO finca.agricola (Tipo, Cantidad, Fecha_Siembra, Fecha_Cosecha, Estado, idTerreno_Agricola) VALUES ('Choclo', 700, '2024-03-25', '2024-09-25', 'Cosechado', 31); -- 31
INSERT INTO finca.agricola (Tipo, Cantidad, Fecha_Siembra, Fecha_Cosecha, Estado, idTerreno_Agricola) VALUES ('Nabo', 120, '2024-01-05', '2024-06-05', 'Cosechado', 32); -- 32
INSERT INTO finca.agricola (Tipo, Cantidad, Fecha_Siembra, Fecha_Cosecha, Estado, idTerreno_Agricola) VALUES ('Almendra', 300, '2024-03-18', '2024-11-18', 'En crecimiento', 33); -- 33
INSERT INTO finca.agricola (Tipo, Cantidad, Fecha_Siembra, Fecha_Cosecha, Estado, idTerreno_Agricola) VALUES ('Castaña', 400, '2024-02-20', '2024-12-20', 'En crecimiento', 34); -- 34
INSERT INTO finca.agricola (Tipo, Cantidad, Fecha_Siembra, Fecha_Cosecha, Estado, idTerreno_Agricola) VALUES ('Tamarindo', 150, '2024-01-15', '2024-10-15', 'Por cosechar', 35); -- 35
INSERT INTO finca.agricola (Tipo, Cantidad, Fecha_Siembra, Fecha_Cosecha, Estado, idTerreno_Agricola) VALUES ('Cítricos', 250, '2024-03-22', '2024-11-22', 'En crecimiento', 36); -- 36
INSERT INTO finca.agricola (Tipo, Cantidad, Fecha_Siembra, Fecha_Cosecha, Estado, idTerreno_Agricola) VALUES ('Lentejas', 180, '2024-01-28', '2024-06-28', 'Cosechado', 37); -- 37
INSERT INTO finca.agricola (Tipo, Cantidad, Fecha_Siembra, Fecha_Cosecha, Estado, idTerreno_Agricola) VALUES ('Cebollín', 130, '2024-02-18', '2024-07-18', 'Cosechado', 38); -- 38
INSERT INTO finca.agricola (Tipo, Cantidad, Fecha_Siembra, Fecha_Cosecha, Estado, idTerreno_Agricola) VALUES ('Brote de alfalfa', 220, '2024-03-30', '2024-08-30', 'Por cosechar', 39); -- 39
INSERT INTO finca.agricola (Tipo, Cantidad, Fecha_Siembra, Fecha_Cosecha, Estado, idTerreno_Agricola) VALUES ('Arándano', 90, '2024-02-15', '2024-09-15', 'Cosechado', 40); -- 40
INSERT INTO finca.agricola (Tipo, Cantidad, Fecha_Siembra, Fecha_Cosecha, Estado, idTerreno_Agricola) VALUES ('Kiwi', 60, '2024-04-01', '2025-01-01', 'En crecimiento', 41); -- 41
INSERT INTO finca.agricola (Tipo, Cantidad, Fecha_Siembra, Fecha_Cosecha, Estado, idTerreno_Agricola) VALUES ('Papaya', 150, '2024-03-05', '2024-10-05', 'Por cosechar', 42); -- 42
INSERT INTO finca.agricola (Tipo, Cantidad, Fecha_Siembra, Fecha_Cosecha, Estado, idTerreno_Agricola) VALUES ('Tamarillo', 110, '2024-01-20', '2024-09-20', 'Cosechado', 43); -- 43
INSERT INTO finca.agricola (Tipo, Cantidad, Fecha_Siembra, Fecha_Cosecha, Estado, idTerreno_Agricola) VALUES ('Maracuyá', 80, '2024-03-12', '2024-08-12', 'Cosechado', 44); -- 44
INSERT INTO finca.agricola (Tipo, Cantidad, Fecha_Siembra, Fecha_Cosecha, Estado, idTerreno_Agricola) VALUES ('Bromelia', 70, '2024-02-08', '2024-07-08', 'Cosechado', 45); -- 45
INSERT INTO finca.agricola (Tipo, Cantidad, Fecha_Siembra, Fecha_Cosecha, Estado, idTerreno_Agricola) VALUES ('Berenjena blanca', 50, '2024-03-15', '2024-08-15', 'Por cosechar', 46); -- 46
INSERT INTO finca.agricola (Tipo, Cantidad, Fecha_Siembra, Fecha_Cosecha, Estado, idTerreno_Agricola) VALUES ('Rábano', 90, '2024-01-30', '2024-06-30', 'Cosechado', 47); -- 47
INSERT INTO finca.agricola (Tipo, Cantidad, Fecha_Siembra, Fecha_Cosecha, Estado, idTerreno_Agricola) VALUES ('Lima', 60, '2024-04-01', '2025-01-01', 'En crecimiento', 48); -- 48
INSERT INTO finca.agricola (Tipo, Cantidad, Fecha_Siembra, Fecha_Cosecha, Estado, idTerreno_Agricola) VALUES ('Guayaba', 120, '2024-02-15', '2024-08-15', 'Cosechado', 49); -- 49
INSERT INTO finca.agricola (Tipo, Cantidad, Fecha_Siembra, Fecha_Cosecha, Estado, idTerreno_Agricola) VALUES ('Naranja', 250, '2024-03-20', '2024-11-20', 'En crecimiento', 50); -- 50


INSERT INTO finca.cargo (Nombre, Requisitos, Nivel) VALUES ('Gerente de Finca', 'Título universitario en agronomía', 'Alta'); -- 1
INSERT INTO finca.cargo (Nombre, Requisitos, Nivel) VALUES ('Agrónomo', 'Título en agronomía', 'Media'); -- 2
INSERT INTO finca.cargo (Nombre, Requisitos, Nivel) VALUES ('Técnico de Cultivos', 'Técnico en agricultura', 'Media'); -- 3
INSERT INTO finca.cargo (Nombre, Requisitos, Nivel) VALUES ('Supervisor de Cosecha', 'Experiencia previa en cosecha', 'Media'); -- 4
INSERT INTO finca.cargo (Nombre, Requisitos, Nivel) VALUES ('Operador de Maquinaria', 'Licencia para operar maquinaria', 'Baja'); -- 5
INSERT INTO finca.cargo (Nombre, Requisitos, Nivel) VALUES ('Asistente Administrativo', 'Técnico en administración', 'Baja'); -- 6
INSERT INTO finca.cargo (Nombre, Requisitos, Nivel) VALUES ('Contador', 'Título en contaduría', 'Alta'); -- 7
INSERT INTO finca.cargo (Nombre, Requisitos, Nivel) VALUES ('Vigilante de Seguridad', 'Experiencia en seguridad', 'Baja'); -- 8
INSERT INTO finca.cargo (Nombre, Requisitos, Nivel) VALUES ('Ingeniero Agrónomo', 'Título en ingeniería agronómica', 'Alta'); -- 9
INSERT INTO finca.cargo (Nombre, Requisitos, Nivel) VALUES ('Capataz de Cultivos', 'Experiencia en supervisión', 'Media'); -- 10
INSERT INTO finca.cargo (Nombre, Requisitos, Nivel) VALUES ('Asistente de Ventas', 'Técnico en ventas', 'Baja'); -- 11
INSERT INTO finca.cargo (Nombre, Requisitos, Nivel) VALUES ('Coordinador de Proyectos', 'Experiencia en gestión de proyectos', 'Alta'); -- 12
INSERT INTO finca.cargo (Nombre, Requisitos, Nivel) VALUES ('Técnico de Mantenimiento', 'Técnico en mantenimiento', 'Media'); -- 13
INSERT INTO finca.cargo (Nombre, Requisitos, Nivel) VALUES ('Jardinero', 'Experiencia en jardinería', 'Baja'); -- 14
INSERT INTO finca.cargo (Nombre, Requisitos, Nivel) VALUES ('Analista de Suelo', 'Técnico en análisis de suelos', 'Media'); -- 15
INSERT INTO finca.cargo (Nombre, Requisitos, Nivel) VALUES ('Asesor Técnico', 'Experiencia en asesoramiento agrícola', 'Alta'); -- 16
INSERT INTO finca.cargo (Nombre, Requisitos, Nivel) VALUES ('Logístico', 'Técnico en logística', 'Media'); -- 17
INSERT INTO finca.cargo (Nombre, Requisitos, Nivel) VALUES ('Investigador Agrícola', 'Título en investigación agrícola', 'Alta'); -- 18
INSERT INTO finca.cargo (Nombre, Requisitos, Nivel) VALUES ('Auxiliar de Almacén', 'Experiencia en manejo de inventarios', 'Baja'); -- 19
INSERT INTO finca.cargo (Nombre, Requisitos, Nivel) VALUES ('Experto en Riego', 'Técnico en sistemas de riego', 'Media'); -- 20
INSERT INTO finca.cargo (Nombre, Requisitos, Nivel) VALUES ('Técnico de Fertilizantes', 'Conocimiento en fertilizantes', 'Media'); -- 21
INSERT INTO finca.cargo (Nombre, Requisitos, Nivel) VALUES ('Operador de Tractor', 'Licencia para operar tractor', 'Baja'); -- 22
INSERT INTO finca.cargo (Nombre, Requisitos, Nivel) VALUES ('Asistente de Investigación', 'Estudiante de agronomía', 'Baja'); -- 23
INSERT INTO finca.cargo (Nombre, Requisitos, Nivel) VALUES ('Técnico en Fitopatología', 'Conocimientos en enfermedades de plantas', 'Media'); -- 24
INSERT INTO finca.cargo (Nombre, Requisitos, Nivel) VALUES ('Supervisor de Calidad', 'Experiencia en control de calidad', 'Media'); -- 25
INSERT INTO finca.cargo (Nombre, Requisitos, Nivel) VALUES ('Gerente de Ventas', 'Experiencia en ventas agrícolas', 'Alta'); -- 26
INSERT INTO finca.cargo (Nombre, Requisitos, Nivel) VALUES ('Biólogo Agrícola', 'Título en biología', 'Alta'); -- 27
INSERT INTO finca.cargo (Nombre, Requisitos, Nivel) VALUES ('Químico Agrícola', 'Título en química', 'Alta'); -- 28
INSERT INTO finca.cargo (Nombre, Requisitos, Nivel) VALUES ('Fotógrafo Agrícola', 'Experiencia en fotografía', 'Baja'); -- 29
INSERT INTO finca.cargo (Nombre, Requisitos, Nivel) VALUES ('Técnico en Irrigación', 'Conocimiento en sistemas de irrigación', 'Media'); -- 30
INSERT INTO finca.cargo (Nombre, Requisitos, Nivel) VALUES ('Experto en Biopesticidas', 'Conocimientos en biopesticidas', 'Media'); -- 31
INSERT INTO finca.cargo (Nombre, Requisitos, Nivel) VALUES ('Controlador de Plagas', 'Experiencia en control de plagas', 'Media'); -- 32
INSERT INTO finca.cargo (Nombre, Requisitos, Nivel) VALUES ('Especialista en Clima', 'Título en meteorología', 'Alta'); -- 33
INSERT INTO finca.cargo (Nombre, Requisitos, Nivel) VALUES ('Asistente de Proyectos', 'Experiencia en gestión de proyectos', 'Baja'); -- 34
INSERT INTO finca.cargo (Nombre, Requisitos, Nivel) VALUES ('Nutricionista de Suelos', 'Conocimiento en nutrición de suelos', 'Media'); -- 35
INSERT INTO finca.cargo (Nombre, Requisitos, Nivel) VALUES ('Técnico de Plaguicidas', 'Conocimientos en plaguicidas', 'Media'); -- 36
INSERT INTO finca.cargo (Nombre, Requisitos, Nivel) VALUES ('Técnico de Invernadero', 'Experiencia en invernaderos', 'Media'); -- 37
INSERT INTO finca.cargo (Nombre, Requisitos, Nivel) VALUES ('Experto en Sostenibilidad', 'Conocimientos en prácticas sostenibles', 'Alta'); -- 38
INSERT INTO finca.cargo (Nombre, Requisitos, Nivel) VALUES ('Analista de Mercado', 'Técnico en marketing', 'Media'); -- 39
INSERT INTO finca.cargo (Nombre, Requisitos, Nivel) VALUES ('Ingeniero de Procesos', 'Título en ingeniería de procesos', 'Alta'); -- 40
INSERT INTO finca.cargo (Nombre, Requisitos, Nivel) VALUES ('Coordinador de Ventas', 'Experiencia en ventas', 'Alta'); -- 41
INSERT INTO finca.cargo (Nombre, Requisitos, Nivel) VALUES ('Gerente de Logística', 'Experiencia en logística', 'Alta'); -- 42
INSERT INTO finca.cargo (Nombre, Requisitos, Nivel) VALUES ('Asistente de Calidad', 'Técnico en calidad', 'Baja'); -- 43
INSERT INTO finca.cargo (Nombre, Requisitos, Nivel) VALUES ('Jefe de Producción', 'Experiencia en producción agrícola', 'Alta'); -- 44
INSERT INTO finca.cargo (Nombre, Requisitos, Nivel) VALUES ('Coordinador de Cultivos', 'Experiencia en cultivos', 'Media'); -- 45
INSERT INTO finca.cargo (Nombre, Requisitos, Nivel) VALUES ('Experto en Recursos Naturales', 'Título en recursos naturales', 'Alta'); -- 46
INSERT INTO finca.cargo (Nombre, Requisitos, Nivel) VALUES ('Consultor Agrícola', 'Experiencia en consultoría agrícola', 'Alta'); -- 47
INSERT INTO finca.cargo (Nombre, Requisitos, Nivel) VALUES ('Manejo de Recursos Hídricos', 'Conocimiento en recursos hídricos', 'Media'); -- 48
INSERT INTO finca.cargo (Nombre, Requisitos, Nivel) VALUES ('Investigador de Cultivos', 'Experiencia en investigación de cultivos', 'Alta'); -- 49
INSERT INTO finca.cargo (Nombre, Requisitos, Nivel) VALUES ('Técnico de Biomasa', 'Conocimiento en biomasa', 'Media'); -- 50


INSERT INTO finca.pais (Nombre) VALUES ('Colombia'); -- 1
INSERT INTO finca.pais (Nombre) VALUES ('Argentina'); -- 2
INSERT INTO finca.pais (Nombre) VALUES ('Brasil'); -- 3
INSERT INTO finca.pais (Nombre) VALUES ('Chile'); -- 4
INSERT INTO finca.pais (Nombre) VALUES ('Perú'); -- 5
INSERT INTO finca.pais (Nombre) VALUES ('Venezuela'); -- 6
INSERT INTO finca.pais (Nombre) VALUES ('Ecuador'); -- 7
INSERT INTO finca.pais (Nombre) VALUES ('Bolivia'); -- 8
INSERT INTO finca.pais (Nombre) VALUES ('Paraguay'); -- 9
INSERT INTO finca.pais (Nombre) VALUES ('Uruguay'); -- 10
INSERT INTO finca.pais (Nombre) VALUES ('México'); -- 11
INSERT INTO finca.pais (Nombre) VALUES ('Guatemala'); -- 12
INSERT INTO finca.pais (Nombre) VALUES ('Honduras'); -- 13
INSERT INTO finca.pais (Nombre) VALUES ('Nicaragua'); -- 14
INSERT INTO finca.pais (Nombre) VALUES ('Costa Rica'); -- 15
INSERT INTO finca.pais (Nombre) VALUES ('El Salvador'); -- 16
INSERT INTO finca.pais (Nombre) VALUES ('Cuba'); -- 17
INSERT INTO finca.pais (Nombre) VALUES ('República Dominicana'); -- 18
INSERT INTO finca.pais (Nombre) VALUES ('Panamá'); -- 19
INSERT INTO finca.pais (Nombre) VALUES ('Jamaica'); -- 20
INSERT INTO finca.pais (Nombre) VALUES ('Trinidad y Tobago'); -- 21
INSERT INTO finca.pais (Nombre) VALUES ('Bahamas'); -- 22
INSERT INTO finca.pais (Nombre) VALUES ('Barbados'); -- 23
INSERT INTO finca.pais (Nombre) VALUES ('Saint Lucia'); -- 24
INSERT INTO finca.pais (Nombre) VALUES ('Saint Vincent y las Granadinas'); -- 25
INSERT INTO finca.pais (Nombre) VALUES ('Grenada'); -- 26
INSERT INTO finca.pais (Nombre) VALUES ('Guyana'); -- 27
INSERT INTO finca.pais (Nombre) VALUES ('Surinam'); -- 28
INSERT INTO finca.pais (Nombre) VALUES ('Chile'); -- 29
INSERT INTO finca.pais (Nombre) VALUES ('Paraguay'); -- 30
INSERT INTO finca.pais (Nombre) VALUES ('Belice'); -- 31
INSERT INTO finca.pais (Nombre) VALUES ('Antigua y Barbuda'); -- 32
INSERT INTO finca.pais (Nombre) VALUES ('Dominica'); -- 33
INSERT INTO finca.pais (Nombre) VALUES ('Haití'); -- 34
INSERT INTO finca.pais (Nombre) VALUES ('Puerto Rico'); -- 35
INSERT INTO finca.pais (Nombre) VALUES ('Islas Caimán'); -- 36
INSERT INTO finca.pais (Nombre) VALUES ('Islas Malvinas'); -- 37
INSERT INTO finca.pais (Nombre) VALUES ('Islas Falkland'); -- 38
INSERT INTO finca.pais (Nombre) VALUES ('Guadalupe'); -- 39
INSERT INTO finca.pais (Nombre) VALUES ('Martinica'); -- 40
INSERT INTO finca.pais (Nombre) VALUES ('Saint Martin'); -- 41
INSERT INTO finca.pais (Nombre) VALUES ('Saba'); -- 42
INSERT INTO finca.pais (Nombre) VALUES ('Sint Eustatius'); -- 43
INSERT INTO finca.pais (Nombre) VALUES ('Sint Maarten'); -- 44
INSERT INTO finca.pais (Nombre) VALUES ('Tokelau'); -- 45
INSERT INTO finca.pais (Nombre) VALUES ('Nauru'); -- 46
INSERT INTO finca.pais (Nombre) VALUES ('Tuvalu'); -- 47
INSERT INTO finca.pais (Nombre) VALUES ('Papúa Nueva Guinea'); -- 48
INSERT INTO finca.pais (Nombre) VALUES ('Micronesia'); -- 49
INSERT INTO finca.pais (Nombre) VALUES ('Vanuatu'); -- 50

INSERT INTO finca.ciudad (Nombre, idPais) VALUES ('Bogotá', 1); -- Colombia
INSERT INTO finca.ciudad (Nombre, idPais) VALUES ('Cali', 1); -- Colombia
INSERT INTO finca.ciudad (Nombre, idPais) VALUES ('Medellín', 1); -- Colombia
INSERT INTO finca.ciudad (Nombre, idPais) VALUES ('Buenos Aires', 2); -- Argentina
INSERT INTO finca.ciudad (Nombre, idPais) VALUES ('Córdoba', 2); -- Argentina
INSERT INTO finca.ciudad (Nombre, idPais) VALUES ('Rosario', 2); -- Argentina
INSERT INTO finca.ciudad (Nombre, idPais) VALUES ('Brasilia', 3); -- Brasil
INSERT INTO finca.ciudad (Nombre, idPais) VALUES ('São Paulo', 3); -- Brasil
INSERT INTO finca.ciudad (Nombre, idPais) VALUES ('Río de Janeiro', 3); -- Brasil
INSERT INTO finca.ciudad (Nombre, idPais) VALUES ('Santiago', 4); -- Chile
INSERT INTO finca.ciudad (Nombre, idPais) VALUES ('Valparaíso', 4); -- Chile
INSERT INTO finca.ciudad (Nombre, idPais) VALUES ('La Serena', 4); -- Chile
INSERT INTO finca.ciudad (Nombre, idPais) VALUES ('Lima', 5); -- Perú
INSERT INTO finca.ciudad (Nombre, idPais) VALUES ('Arequipa', 5); -- Perú
INSERT INTO finca.ciudad (Nombre, idPais) VALUES ('Cusco', 5); -- Perú
INSERT INTO finca.ciudad (Nombre, idPais) VALUES ('Caracas', 6); -- Venezuela
INSERT INTO finca.ciudad (Nombre, idPais) VALUES ('Maracaibo', 6); -- Venezuela
INSERT INTO finca.ciudad (Nombre, idPais) VALUES ('Valencia', 6); -- Venezuela
INSERT INTO finca.ciudad (Nombre, idPais) VALUES ('Quito', 7); -- Ecuador
INSERT INTO finca.ciudad (Nombre, idPais) VALUES ('Guayaquil', 7); -- Ecuador
INSERT INTO finca.ciudad (Nombre, idPais) VALUES ('Cuenca', 7); -- Ecuador
INSERT INTO finca.ciudad (Nombre, idPais) VALUES ('Sucre', 8); -- Bolivia
INSERT INTO finca.ciudad (Nombre, idPais) VALUES ('La Paz', 8); -- Bolivia
INSERT INTO finca.ciudad (Nombre, idPais) VALUES ('Santa Cruz', 8); -- Bolivia
INSERT INTO finca.ciudad (Nombre, idPais) VALUES ('Asunción', 9); -- Paraguay
INSERT INTO finca.ciudad (Nombre, idPais) VALUES ('Ciudad del Este', 9); -- Paraguay
INSERT INTO finca.ciudad (Nombre, idPais) VALUES ('Encarnación', 9); -- Paraguay
INSERT INTO finca.ciudad (Nombre, idPais) VALUES ('Montevideo', 10); -- Uruguay
INSERT INTO finca.ciudad (Nombre, idPais) VALUES ('Salto', 10); -- Uruguay
INSERT INTO finca.ciudad (Nombre, idPais) VALUES ('Paysandú', 10); -- Uruguay
INSERT INTO finca.ciudad (Nombre, idPais) VALUES ('Ciudad de México', 11); -- México
INSERT INTO finca.ciudad (Nombre, idPais) VALUES ('Guadalajara', 11); -- México
INSERT INTO finca.ciudad (Nombre, idPais) VALUES ('Monterrey', 11); -- México
INSERT INTO finca.ciudad (Nombre, idPais) VALUES ('Ciudad de Guatemala', 12); -- Guatemala
INSERT INTO finca.ciudad (Nombre, idPais) VALUES ('Quetzaltenango', 12); -- Guatemala
INSERT INTO finca.ciudad (Nombre, idPais) VALUES ('Escuintla', 12); -- Guatemala
INSERT INTO finca.ciudad (Nombre, idPais) VALUES ('Tegucigalpa', 13); -- Honduras
INSERT INTO finca.ciudad (Nombre, idPais) VALUES ('San Pedro Sula', 13); -- Honduras
INSERT INTO finca.ciudad (Nombre, idPais) VALUES ('La Ceiba', 13); -- Honduras
INSERT INTO finca.ciudad (Nombre, idPais) VALUES ('Managua', 14); -- Nicaragua
INSERT INTO finca.ciudad (Nombre, idPais) VALUES ('León', 14); -- Nicaragua
INSERT INTO finca.ciudad (Nombre, idPais) VALUES ('Granada', 14); -- Nicaragua
INSERT INTO finca.ciudad (Nombre, idPais) VALUES ('San José', 15); -- Costa Rica
INSERT INTO finca.ciudad (Nombre, idPais) VALUES ('Alajuela', 15); -- Costa Rica
INSERT INTO finca.ciudad (Nombre, idPais) VALUES ('Cartago', 15); -- Costa Rica
INSERT INTO finca.ciudad (Nombre, idPais) VALUES ('San Salvador', 16); -- El Salvador
INSERT INTO finca.ciudad (Nombre, idPais) VALUES ('Santa Ana', 16); -- El Salvador
INSERT INTO finca.ciudad (Nombre, idPais) VALUES ('San Miguel', 16); -- El Salvador
INSERT INTO finca.ciudad (Nombre, idPais) VALUES ('La Habana', 17); -- Cuba
INSERT INTO finca.ciudad (Nombre, idPais) VALUES ('Santiago de Cuba', 17); -- Cuba
INSERT INTO finca.ciudad (Nombre, idPais) VALUES ('Camagüey', 17); -- Cuba
INSERT INTO finca.ciudad (Nombre, idPais) VALUES ('Santo Domingo', 18); -- República Dominicana
INSERT INTO finca.ciudad (Nombre, idPais) VALUES ('Santiago', 18); -- República Dominicana
INSERT INTO finca.ciudad (Nombre, idPais) VALUES ('San Pedro de Macorís', 18); -- República Dominicana
INSERT INTO finca.ciudad (Nombre, idPais) VALUES ('Panamá', 19); -- Panamá
INSERT INTO finca.ciudad (Nombre, idPais) VALUES ('David', 19); -- Panamá
INSERT INTO finca.ciudad (Nombre, idPais) VALUES ('Colón', 19); -- Panamá

INSERT INTO finca.direccion (Direccion, idCiudad) VALUES ('Calle 1 #1-10', 1); -- Bogotá
INSERT INTO finca.direccion (Direccion, idCiudad) VALUES ('Avenida 5 #15-20', 1); -- Bogotá
INSERT INTO finca.direccion (Direccion, idCiudad) VALUES ('Calle 50 #30-40', 2); -- Cali
INSERT INTO finca.direccion (Direccion, idCiudad) VALUES ('Carrera 15 #5-6', 3); -- Medellín
INSERT INTO finca.direccion (Direccion, idCiudad) VALUES ('Avenida 9 #90-12', 4); -- Buenos Aires
INSERT INTO finca.direccion (Direccion, idCiudad) VALUES ('Calle San Martín 22', 4); -- Buenos Aires
INSERT INTO finca.direccion (Direccion, idCiudad) VALUES ('Calle Corrientes 5050', 2); -- Córdoba
INSERT INTO finca.direccion (Direccion, idCiudad) VALUES ('Calle Santa Fe 10', 2); -- Rosario
INSERT INTO finca.direccion (Direccion, idCiudad) VALUES ('Avenida Paulista 100', 3); -- São Paulo
INSERT INTO finca.direccion (Direccion, idCiudad) VALUES ('Rua do Ouvidor 30', 3); -- Río de Janeiro
INSERT INTO finca.direccion (Direccion, idCiudad) VALUES ('Avenida Libertador 1500', 4); -- Santiago
INSERT INTO finca.direccion (Direccion, idCiudad) VALUES ('Calle del Salvador 25', 4); -- Valparaíso
INSERT INTO finca.direccion (Direccion, idCiudad) VALUES ('Calle Arequipa 100', 5); -- Lima
INSERT INTO finca.direccion (Direccion, idCiudad) VALUES ('Calle San Francisco 333', 5); -- Arequipa
INSERT INTO finca.direccion (Direccion, idCiudad) VALUES ('Avenida del Libertador 1500', 6); -- Caracas
INSERT INTO finca.direccion (Direccion, idCiudad) VALUES ('Calle 72 #19-45', 6); -- Maracaibo
INSERT INTO finca.direccion (Direccion, idCiudad) VALUES ('Avenida Bolívar 40', 7); -- Quito
INSERT INTO finca.direccion (Direccion, idCiudad) VALUES ('Calle 10 de Agosto 25', 7); -- Guayaquil
INSERT INTO finca.direccion (Direccion, idCiudad) VALUES ('Calle Comercio 10', 8); -- Sucre
INSERT INTO finca.direccion (Direccion, idCiudad) VALUES ('Avenida 6 de Agosto 1500', 8); -- La Paz
INSERT INTO finca.direccion (Direccion, idCiudad) VALUES ('Calle 14 de Mayo 200', 9); -- Asunción
INSERT INTO finca.direccion (Direccion, idCiudad) VALUES ('Calle 7a Proyectada 12', 9); -- Ciudad del Este
INSERT INTO finca.direccion (Direccion, idCiudad) VALUES ('Calle 18 de Julio 1450', 10); -- Montevideo
INSERT INTO finca.direccion (Direccion, idCiudad) VALUES ('Calle Brasil 100', 10); -- Salto
INSERT INTO finca.direccion (Direccion, idCiudad) VALUES ('Calle 1 de Septiembre 10', 11); -- Ciudad de México
INSERT INTO finca.direccion (Direccion, idCiudad) VALUES ('Avenida Juárez 200', 11); -- Guadalajara
INSERT INTO finca.direccion (Direccion, idCiudad) VALUES ('Calle Monterrey 300', 11); -- Monterrey
INSERT INTO finca.direccion (Direccion, idCiudad) VALUES ('Calle 10a 5-25', 12); -- Ciudad de Guatemala
INSERT INTO finca.direccion (Direccion, idCiudad) VALUES ('Calle del Árbol 30', 12); -- Quetzaltenango
INSERT INTO finca.direccion (Direccion, idCiudad) VALUES ('Avenida 8 de Marzo 120', 13); -- Tegucigalpa
INSERT INTO finca.direccion (Direccion, idCiudad) VALUES ('Calle 15 de Septiembre 100', 13); -- San Pedro Sula
INSERT INTO finca.direccion (Direccion, idCiudad) VALUES ('Calle La Paz 500', 14); -- Managua
INSERT INTO finca.direccion (Direccion, idCiudad) VALUES ('Avenida Bolívar 100', 14); -- León
INSERT INTO finca.direccion (Direccion, idCiudad) VALUES ('Calle Central 200', 15); -- San José
INSERT INTO finca.direccion (Direccion, idCiudad) VALUES ('Avenida 2 #1000', 15); -- Alajuela
INSERT INTO finca.direccion (Direccion, idCiudad) VALUES ('Calle 5 de Febrero 15', 16); -- San Salvador
INSERT INTO finca.direccion (Direccion, idCiudad) VALUES ('Calle Independencia 125', 16); -- Santa Ana
INSERT INTO finca.direccion (Direccion, idCiudad) VALUES ('Avenida 10 de Octubre 20', 17); -- La Habana
INSERT INTO finca.direccion (Direccion, idCiudad) VALUES ('Calle 23 de Agosto 15', 17); -- Santiago de Cuba
INSERT INTO finca.direccion (Direccion, idCiudad) VALUES ('Avenida de los Desfiles 100', 18); -- Santo Domingo
INSERT INTO finca.direccion (Direccion, idCiudad) VALUES ('Calle 16 de Agosto 200', 18); -- Santiago
INSERT INTO finca.direccion (Direccion, idCiudad) VALUES ('Calle 4 de Noviembre 500', 19); -- Panamá
INSERT INTO finca.direccion (Direccion, idCiudad) VALUES ('Avenida Balboa 400', 19); -- David

INSERT INTO finca.clientes (Nombre, Estado, Tipo, Fecha_Nacimiento, idDireccion) VALUES ('Juan Pérez', 'Activo', 'Premium', '1990-01-15', 1);
INSERT INTO finca.clientes (Nombre, Estado, Tipo, Fecha_Nacimiento, idDireccion) VALUES ('María Gómez', 'Activo', 'VIP', '1985-03-22', 2);
INSERT INTO finca.clientes (Nombre, Estado, Tipo, Fecha_Nacimiento, idDireccion) VALUES ('Carlos Ruiz', 'Inactivo', 'Regular', '2000-06-30', 3);
INSERT INTO finca.clientes (Nombre, Estado, Tipo, Fecha_Nacimiento, idDireccion) VALUES ('Sofía Martínez', 'Activo', 'VIP', '1998-05-12', 4);
INSERT INTO finca.clientes (Nombre, Estado, Tipo, Fecha_Nacimiento, idDireccion) VALUES ('Andrés Torres', 'Activo', 'Premium', '1992-11-18', 5);
INSERT INTO finca.clientes (Nombre, Estado, Tipo, Fecha_Nacimiento, idDireccion) VALUES ('Laura López', 'Inactivo', 'Regular', '1979-02-10', 6);
INSERT INTO finca.clientes (Nombre, Estado, Tipo, Fecha_Nacimiento, idDireccion) VALUES ('Luis Fernández', 'Activo', 'VIP', '1995-04-14', 7);
INSERT INTO finca.clientes (Nombre, Estado, Tipo, Fecha_Nacimiento, idDireccion) VALUES ('Ana Rodríguez', 'Activo', 'Premium', '1987-08-25', 8);
INSERT INTO finca.clientes (Nombre, Estado, Tipo, Fecha_Nacimiento, idDireccion) VALUES ('Pedro Sánchez', 'Inactivo', 'Regular', '1993-12-03', 9);
INSERT INTO finca.clientes (Nombre, Estado, Tipo, Fecha_Nacimiento, idDireccion) VALUES ('Claudia Herrera', 'Activo', 'VIP', '1991-07-19', 10);
INSERT INTO finca.clientes (Nombre, Estado, Tipo, Fecha_Nacimiento, idDireccion) VALUES ('Diego Castro', 'Activo', 'Premium', '1988-09-05', 11);
INSERT INTO finca.clientes (Nombre, Estado, Tipo, Fecha_Nacimiento, idDireccion) VALUES ('Valentina Morales', 'Inactivo', 'Regular', '1996-10-21', 12);
INSERT INTO finca.clientes (Nombre, Estado, Tipo, Fecha_Nacimiento, idDireccion) VALUES ('Gabriel Mendoza', 'Activo', 'VIP', '1994-02-28', 13);
INSERT INTO finca.clientes (Nombre, Estado, Tipo, Fecha_Nacimiento, idDireccion) VALUES ('Fernanda Ortiz', 'Activo', 'Premium', '1983-11-15', 14);
INSERT INTO finca.clientes (Nombre, Estado, Tipo, Fecha_Nacimiento, idDireccion) VALUES ('Ricardo Aguirre', 'Inactivo', 'Regular', '1989-06-17', 15);
INSERT INTO finca.clientes (Nombre, Estado, Tipo, Fecha_Nacimiento, idDireccion) VALUES ('Isabel Salazar', 'Activo', 'VIP', '1997-01-09', 16);
INSERT INTO finca.clientes (Nombre, Estado, Tipo, Fecha_Nacimiento, idDireccion) VALUES ('Santiago Jiménez', 'Activo', 'Premium', '1986-12-24', 17);
INSERT INTO finca.clientes (Nombre, Estado, Tipo, Fecha_Nacimiento, idDireccion) VALUES ('Patricia González', 'Inactivo', 'Regular', '1978-05-30', 18);
INSERT INTO finca.clientes (Nombre, Estado, Tipo, Fecha_Nacimiento, idDireccion) VALUES ('Emanuel Ramírez', 'Activo', 'VIP', '1992-03-16', 19);
INSERT INTO finca.clientes (Nombre, Estado, Tipo, Fecha_Nacimiento, idDireccion) VALUES ('Liliana Pérez', 'Activo', 'Premium', '1995-07-08', 20);
INSERT INTO finca.clientes (Nombre, Estado, Tipo, Fecha_Nacimiento, idDireccion) VALUES ('Arturo López', 'Inactivo', 'Regular', '1984-10-11', 21);
INSERT INTO finca.clientes (Nombre, Estado, Tipo, Fecha_Nacimiento, idDireccion) VALUES ('Mónica Díaz', 'Activo', 'VIP', '1991-01-27', 22);
INSERT INTO finca.clientes (Nombre, Estado, Tipo, Fecha_Nacimiento, idDireccion) VALUES ('Nicolás Torres', 'Activo', 'Premium', '1988-09-19', 23);
INSERT INTO finca.clientes (Nombre, Estado, Tipo, Fecha_Nacimiento, idDireccion) VALUES ('Cecilia Morales', 'Inactivo', 'Regular', '1993-12-12', 24);
INSERT INTO finca.clientes (Nombre, Estado, Tipo, Fecha_Nacimiento, idDireccion) VALUES ('Mauricio Cruz', 'Activo', 'VIP', '1994-05-15', 25);
INSERT INTO finca.clientes (Nombre, Estado, Tipo, Fecha_Nacimiento, idDireccion) VALUES ('Sandra Vargas', 'Activo', 'Premium', '1985-08-24', 26);
INSERT INTO finca.clientes (Nombre, Estado, Tipo, Fecha_Nacimiento, idDireccion) VALUES ('Oscar Rojas', 'Inactivo', 'Regular', '1990-04-09', 27);
INSERT INTO finca.clientes (Nombre, Estado, Tipo, Fecha_Nacimiento, idDireccion) VALUES ('Karla Díaz', 'Activo', 'VIP', '1996-06-30', 28);
INSERT INTO finca.clientes (Nombre, Estado, Tipo, Fecha_Nacimiento, idDireccion) VALUES ('Sergio Herrera', 'Activo', 'Premium', '1987-02-18', 29);
INSERT INTO finca.clientes (Nombre, Estado, Tipo, Fecha_Nacimiento, idDireccion) VALUES ('Mariana Ramos', 'Inactivo', 'Regular', '1993-03-22', 30);
INSERT INTO finca.clientes (Nombre, Estado, Tipo, Fecha_Nacimiento, idDireccion) VALUES ('Fernando Jiménez', 'Activo', 'VIP', '1995-12-04', 31);
INSERT INTO finca.clientes (Nombre, Estado, Tipo, Fecha_Nacimiento, idDireccion) VALUES ('Silvia Méndez', 'Activo', 'Premium', '1989-11-14', 32);
INSERT INTO finca.clientes (Nombre, Estado, Tipo, Fecha_Nacimiento, idDireccion) VALUES ('Alberto Guzmán', 'Inactivo', 'Regular', '1982-10-20', 33);
INSERT INTO finca.clientes (Nombre, Estado, Tipo, Fecha_Nacimiento, idDireccion) VALUES ('Elena Castro', 'Activo', 'VIP', '1994-05-02', 34);
INSERT INTO finca.clientes (Nombre, Estado, Tipo, Fecha_Nacimiento, idDireccion) VALUES ('Víctor Sánchez', 'Activo', 'Premium', '1988-08-18', 35);
INSERT INTO finca.clientes (Nombre, Estado, Tipo, Fecha_Nacimiento, idDireccion) VALUES ('Claudia López', 'Inactivo', 'Regular', '1990-06-12', 36);
INSERT INTO finca.clientes (Nombre, Estado, Tipo, Fecha_Nacimiento, idDireccion) VALUES ('Julián Torres', 'Activo', 'VIP', '1993-03-14', 37);
INSERT INTO finca.clientes (Nombre, Estado, Tipo, Fecha_Nacimiento, idDireccion) VALUES ('Natalia Vargas', 'Activo', 'Premium', '1985-07-26', 38);
INSERT INTO finca.clientes (Nombre, Estado, Tipo, Fecha_Nacimiento, idDireccion) VALUES ('Manuel García', 'Inactivo', 'Regular', '1981-01-08', 39);
INSERT INTO finca.clientes (Nombre, Estado, Tipo, Fecha_Nacimiento, idDireccion) VALUES ('Estefanía Ríos', 'Activo', 'VIP', '1995-02-02', 40);
INSERT INTO finca.clientes (Nombre, Estado, Tipo, Fecha_Nacimiento, idDireccion) VALUES ('Cristian Salazar', 'Activo', 'Premium', '1990-09-29', 41);
INSERT INTO finca.clientes (Nombre, Estado, Tipo, Fecha_Nacimiento, idDireccion) VALUES ('Carmen Ramírez', 'Inactivo', 'Regular', '1996-12-31', 42);
INSERT INTO finca.clientes (Nombre, Estado, Tipo, Fecha_Nacimiento, idDireccion) VALUES ('Diego Soto', 'Activo', 'VIP', '1992-04-11', 43);
INSERT INTO finca.clientes (Nombre, Estado, Tipo, Fecha_Nacimiento, idDireccion) VALUES ('Andrea Herrera', 'Activo', 'Premium', '1986-05-06', 44);
INSERT INTO finca.clientes (Nombre, Estado, Tipo, Fecha_Nacimiento, idDireccion) VALUES ('Tomás León', 'Inactivo', 'Regular', '1983-11-16', 45);
INSERT INTO finca.clientes (Nombre, Estado, Tipo, Fecha_Nacimiento, idDireccion) VALUES ('Gabriela Ruiz', 'Activo', 'VIP', '1997-01-27', 46);
INSERT INTO finca.clientes (Nombre, Estado, Tipo, Fecha_Nacimiento, idDireccion) VALUES ('Luis Ortiz', 'Activo', 'Premium', '1984-08-23', 47);
INSERT INTO finca.clientes (Nombre, Estado, Tipo, Fecha_Nacimiento, idDireccion) VALUES ('Adriana Martínez', 'Inactivo', 'Regular', '1990-10-30', 48);
INSERT INTO finca.clientes (Nombre, Estado, Tipo, Fecha_Nacimiento, idDireccion) VALUES ('Jorge Fernández', 'Activo', 'VIP', '1995-07-15', 49);
INSERT INTO finca.clientes (Nombre, Estado, Tipo, Fecha_Nacimiento, idDireccion) VALUES ('Beatriz Paredes', 'Activo', 'Premium', '1988-09-09', 50);

INSERT INTO finca.empleados (Nombre, Apellido, Salario, Fecha_Contratacion, Fecha_Nacimiento, Hora_inicio, Hora_Finalizacion, Teleono, Estado, idCargo) VALUES 
('Juan', 'Pérez', 2000000.00, '2023-01-15', '1990-05-20', '08:00:00', '17:00:00', 3001234567, 'Activo', 1),
('María', 'García', 1800000.00, '2022-02-10', '1985-10-30', '09:00:00', '18:00:00', 3009876543, 'Activo', 2),
('Carlos', 'López', 1500000.00, '2021-03-05', '1992-08-15', '07:30:00', '16:30:00', 3003456789, 'Inactivo', 3),
('Ana', 'Martínez', 1400000.00, '2020-04-01', '1995-12-25', '08:00:00', '17:00:00', 3006543210, 'Activo', 4),
('Luis', 'Hernández', 1300000.00, '2019-05-20', '1988-01-10', '07:00:00', '16:00:00', 3004567890, 'Retirado', 5),
('Claudia', 'Rodríguez', 1200000.00, '2018-06-30', '1993-04-05', '08:30:00', '17:30:00', 3002345678, 'Activo', 6),
('Pedro', 'Sánchez', 2500000.00, '2023-01-10', '1982-07-18', '09:00:00', '18:00:00', 3008765432, 'Activo', 7),
('Laura', 'Ramírez', 1700000.00, '2020-07-15', '1987-03-12', '08:00:00', '17:00:00', 3003456789, 'Inactivo', 8),
('Fernando', 'Torres', 1900000.00, '2021-08-25', '1989-09-05', '07:30:00', '16:30:00', 3002345670, 'Activo', 9),
('Sofía', 'Vásquez', 2200000.00, '2022-09-01', '1990-11-25', '08:00:00', '17:00:00', 3005678901, 'Activo', 10),
('Ricardo', 'Martín', 2100000.00, '2019-10-10', '1991-02-20', '08:00:00', '17:00:00', 3006789012, 'Inactivo', 11),
('Marta', 'Cruz', 1600000.00, '2021-11-15', '1994-01-30', '09:00:00', '18:00:00', 3007890123, 'Activo', 12),
('Javier', 'Reyes', 1400000.00, '2020-12-20', '1986-05-05', '07:00:00', '16:00:00', 3008901234, 'Retirado', 13),
('Patricia', 'Mendoza', 1550000.00, '2018-01-25', '1992-07-15', '08:30:00', '17:30:00', 3009012345, 'Inactivo', 14),
('Diego', 'Rojas', 1350000.00, '2019-02-10', '1993-06-20', '08:00:00', '17:00:00', 3000123456, 'Activo', 15),
('Gabriela', 'Núñez', 1250000.00, '2017-03-15', '1988-04-10', '09:00:00', '18:00:00', 3001234567, 'Activo', 16),
('Andrés', 'Salazar', 2400000.00, '2023-01-05', '1980-08-30', '08:00:00', '17:00:00', 3002345678, 'Inactivo', 17),
('Luisa', 'Gómez', 2000000.00, '2021-04-20', '1985-11-12', '07:30:00', '16:30:00', 3003456789, 'Retirado', 18),
('David', 'Pinto', 1850000.00, '2019-05-30', '1992-09-22', '08:00:00', '17:00:00', 3004567890, 'Activo', 19),
('Elena', 'Ceballos', 1750000.00, '2020-06-25', '1994-01-15', '09:00:00', '18:00:00', 3005678901, 'Activo', 20),
('Gustavo', 'Cano', 2500000.00, '2023-01-10', '1984-12-05', '08:30:00', '17:30:00', 3006789012, 'Activo', 21),
('Rosa', 'Valdés', 1450000.00, '2018-07-15', '1990-03-18', '08:00:00', '17:00:00', 3007890123, 'Inactivo', 22),
('Mónica', 'López', 1300000.00, '2016-08-01', '1987-05-20', '07:00:00', '16:00:00', 3008901234, 'Retirado', 23),
('Hugo', 'Muñoz', 2200000.00, '2022-09-05', '1991-01-30', '08:00:00', '17:00:00', 3009012345, 'Activo', 24),
('Silvia', 'Serrano', 2100000.00, '2019-10-25', '1989-11-10', '09:00:00', '18:00:00', 3000123456, 'Activo', 25),
('Iván', 'Cruz', 1900000.00, '2020-11-15', '1992-07-05', '08:00:00', '17:00:00', 3001234567, 'Inactivo', 26),
('Carmen', 'Pérez', 1650000.00, '2021-12-20', '1988-03-12', '08:30:00', '17:30:00', 3002345678, 'Activo', 27),
('Esteban', 'Hernández', 1550000.00, '2018-01-30', '1990-02-28', '07:00:00', '16:00:00', 3003456789, 'Retirado', 28),
('Verónica', 'Rivas', 1800000.00, '2022-02-15', '1995-09-10', '09:00:00', '18:00:00', 3004567890, 'Activo', 29),
('Rodrigo', 'Salas', 2400000.00, '2023-03-10', '1983-12-18', '08:00:00', '17:00:00', 3005678901, 'Inactivo', 30),
('Nadia', 'Ramírez', 2100000.00, '2020-04-25', '1994-08-12', '07:30:00', '16:30:00', 3006789012, 'Activo', 31),
('Adriana', 'Castillo', 1500000.00, '2021-05-15', '1986-11-20', '08:00:00', '17:00:00', 3007890123, 'Retirado', 32),
('Nicolás', 'García', 1600000.00, '2019-06-30', '1993-03-14', '09:00:00', '18:00:00', 3008901234, 'Activo', 33),
('Samanta', 'Martínez', 1700000.00, '2020-07-05', '1991-04-11', '08:30:00', '17:30:00', 3009012345, 'Activo', 34),
('Leonardo', 'Vélez', 1400000.00, '2022-08-20', '1987-09-29', '08:00:00', '17:00:00', 3000123456, 'Retirado', 35),
('Sara', 'Moreno', 1950000.00, '2021-09-15', '1995-05-05', '07:00:00', '16:00:00', 3001234567, 'Inactivo', 36),
('Antonio', 'Díaz', 2500000.00, '2023-10-10', '1983-10-20', '08:00:00', '17:00:00', 3002345678, 'Activo', 37),
('Natalia', 'Alvarez', 1300000.00, '2019-11-01', '1989-12-01', '08:30:00', '17:30:00', 3003456789, 'Retirado', 38);


INSERT INTO finca.tareas (Nombre, Fecha_Inicio, Fecha_Final, Prioridad, Tipo) VALUES 
('Preparar terreno', '2024-01-10 08:00:00', '2024-01-15 17:00:00', 'Alta', 'Agrícola'),
('Siembra de maíz', '2024-01-20 08:00:00', '2024-01-30 17:00:00', 'Media', 'Agrícola'),
('Cosecha de café', '2024-02-05 08:00:00', '2024-02-15 17:00:00', 'Alta', 'Agrícola'),
('Mantenimiento de maquinaria', '2024-02-20 08:00:00', '2024-02-25 17:00:00', 'Baja', 'Mantenimiento'),
('Recolección de huevos', '2024-03-01 08:00:00', '2024-03-01 12:00:00', 'Media', 'Pecuario'),
('Construcción de cercas', '2024-03-10 08:00:00', '2024-03-20 17:00:00', 'Alta', 'Pecuario'),
('Limpieza de establos', '2024-03-25 08:00:00', '2024-03-30 17:00:00', 'Baja', 'Pecuario'),
('Aplicación de fertilizante', '2024-04-05 08:00:00', '2024-04-10 17:00:00', 'Media', 'Agrícola'),
('Poda de árboles frutales', '2024-04-15 08:00:00', '2024-04-20 17:00:00', 'Baja', 'Agrícola'),
('Revisión de salud animal', '2024-04-25 08:00:00', '2024-04-25 12:00:00', 'Alta', 'Pecuario'),
('Siembra de hortalizas', '2024-05-01 08:00:00', '2024-05-05 17:00:00', 'Media', 'Agrícola'),
('Cosecha de frutas', '2024-05-10 08:00:00', '2024-05-15 17:00:00', 'Alta', 'Agrícola'),
('Reparación de instalaciones', '2024-05-20 08:00:00', '2024-05-25 17:00:00', 'Baja', 'Mantenimiento'),
('Ajustes en el riego', '2024-06-01 08:00:00', '2024-06-05 17:00:00', 'Media', 'Agrícola'),
('Inspección de cultivos', '2024-06-10 08:00:00', '2024-06-15 17:00:00', 'Alta', 'Agrícola'),
('Preparación de alimentos para animales', '2024-06-20 08:00:00', '2024-06-20 12:00:00', 'Baja', 'Pecuario'),
('Establecimiento de nuevas parcelas', '2024-07-01 08:00:00', '2024-07-10 17:00:00', 'Media', 'Agrícola'),
('Capacitación del personal', '2024-07-15 08:00:00', '2024-07-20 17:00:00', 'Alta', 'Mantenimiento'),
('Revisión de inventario', '2024-07-25 08:00:00', '2024-07-25 12:00:00', 'Media', 'Administrativa'),
('Desinfección de instalaciones', '2024-08-01 08:00:00', '2024-08-05 17:00:00', 'Baja', 'Mantenimiento'),
('Siembra de pasto', '2024-08-10 08:00:00', '2024-08-15 17:00:00', 'Media', 'Pecuario'),
('Construcción de nuevos establos', '2024-08-20 08:00:00', '2024-08-30 17:00:00', 'Alta', 'Pecuario'),
('Mantenimiento de cultivos', '2024-09-05 08:00:00', '2024-09-10 17:00:00', 'Media', 'Agrícola'),
('Cosecha de legumbres', '2024-09-15 08:00:00', '2024-09-20 17:00:00', 'Alta', 'Agrícola'),
('Entrenamiento de perros de pastoreo', '2024-09-25 08:00:00', '2024-09-30 17:00:00', 'Baja', 'Pecuario'),
('Plantación de árboles', '2024-10-01 08:00:00', '2024-10-10 17:00:00', 'Media', 'Agrícola'),
('Desarrollo de un plan de rotación', '2024-10-15 08:00:00', '2024-10-20 17:00:00', 'Alta', 'Agrícola'),
('Verificación de sistemas de riego', '2024-10-25 08:00:00', '2024-10-30 17:00:00', 'Baja', 'Mantenimiento'),
('Organización de la cosecha', '2024-11-01 08:00:00', '2024-11-05 17:00:00', 'Media', 'Administrativa'),
('Evaluación de desempeño del personal', '2024-11-10 08:00:00', '2024-11-15 17:00:00', 'Alta', 'Administrativa'),
('Desarrollo de nuevos productos', '2024-11-20 08:00:00', '2024-11-30 17:00:00', 'Media', 'Administrativa'),
('Mantenimiento de herramientas', '2024-12-01 08:00:00', '2024-12-05 17:00:00', 'Baja', 'Mantenimiento'),
('Recolección de datos de cultivos', '2024-12-10 08:00:00', '2024-12-15 17:00:00', 'Alta', 'Administrativa'),
('Auditoría de procesos agrícolas', '2024-12-20 08:00:00', '2024-12-25 17:00:00', 'Media', 'Administrativa'),
('Evaluación de bienestar animal', '2024-12-30 08:00:00', '2025-01-05 17:00:00', 'Baja', 'Pecuario'),
('Preparación para la temporada de lluvias', '2025-01-10 08:00:00', '2025-01-15 17:00:00', 'Alta', 'Mantenimiento'),
('Establecimiento de un programa de compostaje', '2025-01-20 08:00:00', '2025-01-30 17:00:00', 'Media', 'Agrícola'),
('Implementación de prácticas de conservación', '2025-02-05 08:00:00', '2025-02-15 17:00:00', 'Alta', 'Agrícola'),
('Mantenimiento de cultivos de ciclo corto', '2025-02-20 08:00:00', '2025-02-25 17:00:00', 'Baja', 'Agrícola'),
('Evaluación de sistemas de producción', '2025-03-01 08:00:00', '2025-03-05 17:00:00', 'Media', 'Administrativa'),
('Revisión de contratos de proveedores', '2025-03-10 08:00:00', '2025-03-15 17:00:00', 'Alta', 'Administrativa'),
('Capacitación en nuevas tecnologías', '2025-03-20 08:00:00', '2025-03-25 17:00:00', 'Media', 'Mantenimiento'),
('Análisis de costos de producción', '2025-04-01 08:00:00', '2025-04-05 17:00:00', 'Baja', 'Administrativa');


INSERT INTO finca.tipo_maquinaria (Nombre) VALUES ('Preparación del suelo'); -- 1
INSERT INTO finca.tipo_maquinaria (Nombre) VALUES ('Siembra'); -- 2
INSERT INTO finca.tipo_maquinaria (Nombre) VALUES ('Fertilización'); -- 3
INSERT INTO finca.tipo_maquinaria (Nombre) VALUES ('Riego'); -- 4
INSERT INTO finca.tipo_maquinaria (Nombre) VALUES ('Protección de cultivos'); -- 5
INSERT INTO finca.tipo_maquinaria (Nombre) VALUES ('Cosecha'); -- 6
INSERT INTO finca.tipo_maquinaria (Nombre) VALUES ('Poda'); -- 7
INSERT INTO finca.tipo_maquinaria (Nombre) VALUES ('Transporte'); -- 8
INSERT INTO finca.tipo_maquinaria (Nombre) VALUES ('Almacenamiento'); -- 9
INSERT INTO finca.tipo_maquinaria (Nombre) VALUES ('Procesamiento de productos'); -- 10
INSERT INTO finca.tipo_maquinaria (Nombre) VALUES ('Control de maleza'); -- 11
INSERT INTO finca.tipo_maquinaria (Nombre) VALUES ('Control de plagas'); -- 12
INSERT INTO finca.tipo_maquinaria (Nombre) VALUES ('Aplicación de pesticidas'); -- 13
INSERT INTO finca.tipo_maquinaria (Nombre) VALUES ('Monitoreo de cultivos'); -- 14
INSERT INTO finca.tipo_maquinaria (Nombre) VALUES ('Recolección de frutos'); -- 15
INSERT INTO finca.tipo_maquinaria (Nombre) VALUES ('Mantenimiento de terrenos'); -- 16
INSERT INTO finca.tipo_maquinaria (Nombre) VALUES ('Reciclaje de desechos'); -- 17
INSERT INTO finca.tipo_maquinaria (Nombre) VALUES ('Producción de compost'); -- 18
INSERT INTO finca.tipo_maquinaria (Nombre) VALUES ('Carga y descarga'); -- 19
INSERT INTO finca.tipo_maquinaria (Nombre) VALUES ('Desplazamiento interno'); -- 20
INSERT INTO finca.tipo_maquinaria (Nombre) VALUES ('Operaciones en invernadero'); -- 21
INSERT INTO finca.tipo_maquinaria (Nombre) VALUES ('Acondicionamiento de semillas'); -- 22
INSERT INTO finca.tipo_maquinaria (Nombre) VALUES ('Análisis de suelo'); -- 23
INSERT INTO finca.tipo_maquinaria (Nombre) VALUES ('Transporte de fertilizantes'); -- 24
INSERT INTO finca.tipo_maquinaria (Nombre) VALUES ('Aplicación de fertilizantes'); -- 25
INSERT INTO finca.tipo_maquinaria (Nombre) VALUES ('Mantenimiento de riego'); -- 26
INSERT INTO finca.tipo_maquinaria (Nombre) VALUES ('Drenaje de suelos'); -- 27
INSERT INTO finca.tipo_maquinaria (Nombre) VALUES ('Aplicación de enmiendas'); -- 28
INSERT INTO finca.tipo_maquinaria (Nombre) VALUES ('Control de enfermedades'); -- 29
INSERT INTO finca.tipo_maquinaria (Nombre) VALUES ('Manipulación de plaguicidas'); -- 30
INSERT INTO finca.tipo_maquinaria (Nombre) VALUES ('Control de clima'); -- 31
INSERT INTO finca.tipo_maquinaria (Nombre) VALUES ('Gestión de residuos'); -- 32
INSERT INTO finca.tipo_maquinaria (Nombre) VALUES ('Ventilación de almacenes'); -- 33
INSERT INTO finca.tipo_maquinaria (Nombre) VALUES ('Control de humedad'); -- 34
INSERT INTO finca.tipo_maquinaria (Nombre) VALUES ('Recogida de forraje'); -- 35
INSERT INTO finca.tipo_maquinaria (Nombre) VALUES ('Preparación de cultivos'); -- 36
INSERT INTO finca.tipo_maquinaria (Nombre) VALUES ('Operación de tractores'); -- 37
INSERT INTO finca.tipo_maquinaria (Nombre) VALUES ('Reparación de equipos'); -- 38
INSERT INTO finca.tipo_maquinaria (Nombre) VALUES ('Aireación del suelo'); -- 39
INSERT INTO finca.tipo_maquinaria (Nombre) VALUES ('Compactación de suelos'); -- 40
INSERT INTO finca.tipo_maquinaria (Nombre) VALUES ('Control de irrigación'); -- 41
INSERT INTO finca.tipo_maquinaria (Nombre) VALUES ('Control de nutrientes'); -- 42
INSERT INTO finca.tipo_maquinaria (Nombre) VALUES ('Procesamiento de semillas'); -- 43
INSERT INTO finca.tipo_maquinaria (Nombre) VALUES ('Cultivo de vegetales'); -- 44
INSERT INTO finca.tipo_maquinaria (Nombre) VALUES ('Pesaje de productos'); -- 45
INSERT INTO finca.tipo_maquinaria (Nombre) VALUES ('Clasificación de productos'); -- 46
INSERT INTO finca.tipo_maquinaria (Nombre) VALUES ('Mantenimiento de maquinaria'); -- 47
INSERT INTO finca.tipo_maquinaria (Nombre) VALUES ('Lavado de maquinaria'); -- 48
INSERT INTO finca.tipo_maquinaria (Nombre) VALUES ('Limpieza de cultivos'); -- 49
INSERT INTO finca.tipo_maquinaria (Nombre) VALUES ('Monitoreo de recursos'); -- 50


INSERT INTO `finca`.`maquinaria` (`Nombre`, `Cantidad`, `Horas_Operativas`, `idTipo_Maquinaria`, `idTarea`) VALUES
('Tractor John Deere', 2, 1200, 1, 1), -- Preparar terreno (Agrícola)
('Cosechadora Claas', 1, 800, 1, 3), -- Cosecha de café (Agrícola)
('Sembradora Massey Ferguson', 1, 600, 2, 2), -- Siembra de maíz (Agrícola)
('Fertilizadora Amazone', 1, 500, 2, 8), -- Aplicación de fertilizante (Agrícola)
('Podadora Husqvarna', 4, 300, 3, 9), -- Poda de árboles frutales (Agrícola)
('Camión Ford', 3, 1500, 4, 12), -- Cosecha de frutas (Agrícola)
('Arado John Deere', 2, 950, 1, 17), -- Establecimiento de nuevas parcelas (Agrícola)
('Sistema de riego centralizado', 1, 1200, 5, 14), -- Ajustes en el riego (Agrícola)
('Motocultor Honda', 3, 400, 1, 27), -- Desarrollo de un plan de rotación (Agrícola)
('Compactadora Caterpillar', 1, 700, 4, 26), -- Plantación de árboles (Agrícola)
('Cosechadora de legumbres', 2, 1000, 1, 24), -- Cosecha de legumbres (Agrícola)
('Tractor Massey Ferguson', 2, 1100, 1, 38), -- Implementación de prácticas de conservación (Agrícola)
('Pulverizadora John Deere', 2, 800, 2, 39), -- Mantenimiento de cultivos de ciclo corto (Agrícola)
('Sembradora de trigo', 1, 450, 2, 11), -- Siembra de hortalizas (Agrícola)
('Tractor Kubota', 3, 1000, 1, 23), -- Mantenimiento de cultivos (Agrícola)
('Sopladora Stihl', 5, 200, 3, 33), -- Recolección de datos de cultivos (Administrativa)
('Pala mecánica', 1, 600, 4, 15), -- Inspección de cultivos (Agrícola)
('Plataforma de fumigación', 1, 700, 5, 34), -- Auditoría de procesos agrícolas (Administrativa)
('Desmalezadora Honda', 3, 350, 3, 16), -- Preparación de alimentos para animales (Pecuario)
('Motocultor Husqvarna', 2, 300, 1, 37), -- Establecimiento de un programa de compostaje (Agrícola)
('Camión de reparto', 1, 600, 6, 19), -- Revisión de inventario (Administrativa)
('Sistema de gestión de inventarios', 1, 300, 7, 30), -- Evaluación de desempeño del personal (Administrativa)
('Software de auditoría', 1, 200, 7, 34), -- Auditoría de procesos agrícolas (Administrativa)
('Sistema de registro de producción', 1, 250, 7, 40), -- Evaluación de sistemas de producción (Administrativa)
('Máquina clasificadora de huevos', 1, 150, 8, 5), -- Recolección de huevos (Pecuario)
('Cortadora de césped', 2, 400, 9, 7), -- Limpieza de establos (Pecuario)
('Incubadora de huevos automática', 1, 200, 8, 35), -- Evaluación de bienestar animal (Pecuario)
('Cargadora Frontal', 1, 700, 4, 22), -- Construcción de nuevos establos (Pecuario)
('Sistema de alimentación automática', 1, 600, 8, 21), -- Siembra de pasto (Pecuario)
('Remolque de ganado', 2, 900, 4, 25), -- Entrenamiento de perros de pastoreo (Pecuario)
('Camión Nissan', 2, 1800, 6, 16), -- Preparación de alimentos para animales (Pecuario)
('Pulverizador de mochila', 5, 200, 3, 9), -- Poda de árboles frutales (Agrícola)
('Rodillo compactador', 1, 500, 4, 36), -- Preparación para la temporada de lluvias (Mantenimiento)
('Plataforma elevadora', 1, 500, 6, 13), -- Reparación de instalaciones (Mantenimiento)
('Cosechadora de papas', 2, 1000, 1, 24), -- Cosecha de legumbres (Agrícola)
('Pulidora eléctrica', 1, 150, 10, 42), -- Capacitación en nuevas tecnologías (Mantenimiento)
('Sistema de compostaje', 1, 500, 5, 37), -- Establecimiento de un programa de compostaje (Agrícola)
('Trituradora de ramas', 2, 600, 5, 38), -- Implementación de prácticas de conservación (Agrícola)
('Estación de soldadura', 1, 250, 10, 36), -- Preparación para la temporada de lluvias (Mantenimiento)
('Segadora de pasto', 2, 450, 9, 39), -- Mantenimiento de cultivos de ciclo corto (Agrícola)
('Tanque de almacenamiento de agua', 1, 1200, 5, 28), -- Verificación de sistemas de riego (Mantenimiento)
('Camión de mantenimiento', 1, 900, 6, 4), -- Mantenimiento de maquinaria (Mantenimiento)
('Plataforma elevadora portátil', 1, 600, 6, 36), -- Preparación para la temporada de lluvias (Mantenimiento)
('Camión cisterna', 2, 1500, 6, 28), -- Verificación de sistemas de riego (Mantenimiento)
('Sistema de climatización de invernaderos', 1, 800, 7, 37); -- Establecimiento de un programa de compostaje (Agrícola)


INSERT INTO finca.herramientas (Nombre, Cantidad, Ubicacion, Estado, Fecha_Adquisicion) VALUES
('Azadón', 15, 'Almacén Central', 'Bueno', '2022-01-15'),
('Pala', 20, 'Bodega Norte', 'Bueno', '2022-03-01'),
('Rastrillo', 10, 'Bodega Sur', 'Regular', '2021-07-20'),
('Machete', 25, 'Almacén Central', 'Bueno', '2023-02-10'),
('Carretilla', 8, 'Zona de Talleres', 'Bueno', '2020-10-05'),
('Hacha', 12, 'Bodega Norte', 'Bueno', '2021-06-15'),
('Cortadora de Césped', 5, 'Almacén Central', 'Reparación', '2019-12-12'),
('Tijeras de podar', 30, 'Bodega Sur', 'Bueno', '2022-11-30'),
('Desbrozadora', 6, 'Zona de Talleres', 'Bueno', '2021-08-25'),
('Llave inglesa', 40, 'Almacén Central', 'Bueno', '2023-04-10'),
('Martillo', 35, 'Bodega Norte', 'Bueno', '2022-06-15'),
('Taladro eléctrico', 10, 'Zona de Talleres', 'Reparación', '2020-09-05'),
('Cinta métrica', 50, 'Bodega Sur', 'Bueno', '2023-05-10'),
('Destornillador', 45, 'Almacén Central', 'Bueno', '2021-12-22'),
('Sierra manual', 18, 'Bodega Norte', 'Regular', '2020-07-25'),
('Escalera de mano', 7, 'Zona de Talleres', 'Bueno', '2021-03-30'),
('Regadera', 20, 'Almacén Central', 'Bueno', '2023-01-19'),
('Pulverizador', 10, 'Bodega Sur', 'Bueno', '2022-04-01'),
('Llave de tubo', 12, 'Zona de Talleres', 'Bueno', '2020-11-14'),
('Nivel de burbuja', 25, 'Bodega Norte', 'Bueno', '2023-03-12'),
('Sierra eléctrica', 5, 'Almacén Central', 'Reparación', '2019-10-18'),
('Lijadora', 8, 'Bodega Sur', 'Bueno', '2022-05-23'),
('Cincel', 15, 'Zona de Talleres', 'Bueno', '2021-01-11'),
('Barreta', 12, 'Almacén Central', 'Bueno', '2022-08-17'),
('Manguera de jardín', 20, 'Bodega Norte', 'Bueno', '2023-02-05'),
('Compresor de aire', 3, 'Zona de Talleres', 'Reparación', '2020-06-21'),
('Pulidora', 10, 'Almacén Central', 'Bueno', '2021-11-15'),
('Cepillo de carpintero', 18, 'Bodega Sur', 'Bueno', '2022-09-05'),
('Llave Allen', 30, 'Almacén Central', 'Bueno', '2023-06-20'),
('Escoba de jardín', 22, 'Bodega Norte', 'Bueno', '2021-04-22'),
('Pico', 14, 'Zona de Talleres', 'Bueno', '2022-02-11'),
('Serrucho', 18, 'Almacén Central', 'Regular', '2020-12-25'),
('Tornillo de banco', 5, 'Bodega Sur', 'Bueno', '2023-04-18'),
('Alicates', 40, 'Bodega Norte', 'Bueno', '2021-08-01'),
('Nivel láser', 6, 'Zona de Talleres', 'Reparación', '2021-07-19'),
('Carro de mano', 7, 'Almacén Central', 'Bueno', '2022-11-05'),
('Guadaña', 8, 'Bodega Sur', 'Bueno', '2020-05-30'),
('Soplete', 5, 'Zona de Talleres', 'Bueno', '2021-06-20'),
('Prensa de banco', 4, 'Bodega Norte', 'Bueno', '2022-03-25'),
('Sierra circular', 5, 'Almacén Central', 'Reparación', '2019-11-30'),
('Multímetro', 10, 'Bodega Sur', 'Bueno', '2021-09-15'),
('Cuchilla', 50, 'Bodega Norte', 'Bueno', '2023-07-08'),
('Clavadora', 12, 'Almacén Central', 'Bueno', '2022-07-02'),
('Sargento de carpintero', 10, 'Bodega Sur', 'Bueno', '2020-08-12'),
('Cuerda de amarre', 25, 'Zona de Talleres', 'Bueno', '2023-02-27'),
('Pintura en aerosol', 50, 'Almacén Central', 'Bueno', '2021-10-05'),
('Termómetro de suelo', 5, 'Bodega Norte', 'Bueno', '2023-03-18'),
('Medidor de humedad', 8, 'Bodega Sur', 'Bueno', '2021-12-08'),
('Pinzas de presión', 15, 'Almacén Central', 'Bueno', '2020-04-22');

INSERT INTO finca.ventas (Fecha, Total, idEmpleado, idCliente) VALUES
('2024-01-05', 350000.50, 1, 1),
('2024-01-10', 275000.75, 2, 3),
('2024-01-15', 180000.00, 3, 2),
('2024-01-20', 120000.50, 4, 5),
('2024-01-25', 500000.00, 5, 4),
('2024-01-30', 600000.80, 6, 1),
('2024-02-05', 450000.25, 7, 2),
('2024-02-10', 370000.00, 8, 3),
('2024-02-15', 220000.90, 9, 5),
('2024-02-20', 150000.00, 10, 4),
('2024-02-25', 320000.50, 1, 1),
('2024-03-01', 400000.75, 2, 2),
('2024-03-05', 550000.60, 3, 3),
('2024-03-10', 480000.30, 4, 5),
('2024-03-15', 600000.00, 5, 4),
('2024-03-20', 500000.00, 6, 1),
('2024-03-25', 750000.20, 7, 2),
('2024-03-30', 620000.70, 8, 3),
('2024-04-05', 420000.50, 9, 5),
('2024-04-10', 200000.00, 10, 4),
('2024-04-15', 320000.75, 1, 2),
('2024-04-20', 450000.30, 2, 3),
('2024-04-25', 550000.00, 3, 1),
('2024-04-30', 400000.50, 4, 5),
('2024-05-05', 700000.75, 5, 4),
('2024-05-10', 820000.25, 6, 2),
('2024-05-15', 480000.00, 7, 3),
('2024-05-20', 300000.40, 8, 1),
('2024-05-25', 620000.50, 9, 5),
('2024-05-30', 150000.00, 10, 4),
('2024-06-05', 180000.50, 1, 1),
('2024-06-10', 225000.75, 2, 2),
('2024-06-15', 340000.00, 3, 3),
('2024-06-20', 270000.30, 4, 5),
('2024-06-25', 600000.00, 5, 4),
('2024-06-30', 500000.50, 6, 1),
('2024-07-05', 750000.75, 7, 2),
('2024-07-10', 620000.20, 8, 3),
('2024-07-15', 420000.30, 9, 5),
('2024-07-20', 210000.00, 10, 4),
('2024-07-25', 300000.50, 1, 1),
('2024-07-30', 550000.70, 2, 3),
('2024-08-05', 720000.40, 3, 2),
('2024-08-10', 370000.00, 4, 5),
('2024-08-15', 800000.25, 5, 4),
('2024-08-20', 900000.50, 6, 1),
('2024-08-25', 420000.00, 7, 2),
('2024-08-30', 670000.70, 8, 3),
('2024-09-05', 200000.50, 9, 5);


INSERT INTO finca.historial_ventas (Fecha, idVenta) VALUES ('2024-01-05', 1);
INSERT INTO finca.historial_ventas (Fecha, idVenta) VALUES ('2024-01-10', 2);
INSERT INTO finca.historial_ventas (Fecha, idVenta) VALUES ('2024-01-15', 3);
INSERT INTO finca.historial_ventas (Fecha, idVenta) VALUES ('2024-01-20', 4);
INSERT INTO finca.historial_ventas (Fecha, idVenta) VALUES ('2024-01-25', 5);
INSERT INTO finca.historial_ventas (Fecha, idVenta) VALUES ('2024-02-01', 6);
INSERT INTO finca.historial_ventas (Fecha, idVenta) VALUES ('2024-02-05', 7);
INSERT INTO finca.historial_ventas (Fecha, idVenta) VALUES ('2024-02-10', 8);
INSERT INTO finca.historial_ventas (Fecha, idVenta) VALUES ('2024-02-15', 9);
INSERT INTO finca.historial_ventas (Fecha, idVenta) VALUES ('2024-02-20', 10);
INSERT INTO finca.historial_ventas (Fecha, idVenta) VALUES ('2024-02-25', 11);
INSERT INTO finca.historial_ventas (Fecha, idVenta) VALUES ('2024-03-01', 12);
INSERT INTO finca.historial_ventas (Fecha, idVenta) VALUES ('2024-03-05', 13);
INSERT INTO finca.historial_ventas (Fecha, idVenta) VALUES ('2024-03-10', 14);
INSERT INTO finca.historial_ventas (Fecha, idVenta) VALUES ('2024-03-15', 15);
INSERT INTO finca.historial_ventas (Fecha, idVenta) VALUES ('2024-03-20', 16);
INSERT INTO finca.historial_ventas (Fecha, idVenta) VALUES ('2024-03-25', 17);
INSERT INTO finca.historial_ventas (Fecha, idVenta) VALUES ('2024-04-01', 18);
INSERT INTO finca.historial_ventas (Fecha, idVenta) VALUES ('2024-04-05', 19);
INSERT INTO finca.historial_ventas (Fecha, idVenta) VALUES ('2024-04-10', 20);
INSERT INTO finca.historial_ventas (Fecha, idVenta) VALUES ('2024-04-15', 21);
INSERT INTO finca.historial_ventas (Fecha, idVenta) VALUES ('2024-04-20', 22);
INSERT INTO finca.historial_ventas (Fecha, idVenta) VALUES ('2024-04-25', 23);
INSERT INTO finca.historial_ventas (Fecha, idVenta) VALUES ('2024-05-01', 24);
INSERT INTO finca.historial_ventas (Fecha, idVenta) VALUES ('2024-05-05', 25);
INSERT INTO finca.historial_ventas (Fecha, idVenta) VALUES ('2024-05-10', 26);
INSERT INTO finca.historial_ventas (Fecha, idVenta) VALUES ('2024-05-15', 27);
INSERT INTO finca.historial_ventas (Fecha, idVenta) VALUES ('2024-05-20', 28);
INSERT INTO finca.historial_ventas (Fecha, idVenta) VALUES ('2024-05-25', 29);
INSERT INTO finca.historial_ventas (Fecha, idVenta) VALUES ('2024-06-01', 30);
INSERT INTO finca.historial_ventas (Fecha, idVenta) VALUES ('2024-06-05', 31);
INSERT INTO finca.historial_ventas (Fecha, idVenta) VALUES ('2024-06-10', 32);
INSERT INTO finca.historial_ventas (Fecha, idVenta) VALUES ('2024-06-15', 33);
INSERT INTO finca.historial_ventas (Fecha, idVenta) VALUES ('2024-06-20', 34);
INSERT INTO finca.historial_ventas (Fecha, idVenta) VALUES ('2024-06-25', 35);
INSERT INTO finca.historial_ventas (Fecha, idVenta) VALUES ('2024-07-01', 36);
INSERT INTO finca.historial_ventas (Fecha, idVenta) VALUES ('2024-07-05', 37);
INSERT INTO finca.historial_ventas (Fecha, idVenta) VALUES ('2024-07-10', 38);
INSERT INTO finca.historial_ventas (Fecha, idVenta) VALUES ('2024-07-15', 39);
INSERT INTO finca.historial_ventas (Fecha, idVenta) VALUES ('2024-07-20', 40);
INSERT INTO finca.historial_ventas (Fecha, idVenta) VALUES ('2024-07-25', 41);
INSERT INTO finca.historial_ventas (Fecha, idVenta) VALUES ('2024-08-01', 42);
INSERT INTO finca.historial_ventas (Fecha, idVenta) VALUES ('2024-08-05', 43);
INSERT INTO finca.historial_ventas (Fecha, idVenta) VALUES ('2024-08-10', 44);
INSERT INTO finca.historial_ventas (Fecha, idVenta) VALUES ('2024-08-15', 45);
INSERT INTO finca.historial_ventas (Fecha, idVenta) VALUES ('2024-08-20', 46);
INSERT INTO finca.historial_ventas (Fecha, idVenta) VALUES ('2024-08-25', 47);
INSERT INTO finca.historial_ventas (Fecha, idVenta) VALUES ('2024-09-01', 48);
INSERT INTO finca.historial_ventas (Fecha, idVenta) VALUES ('2024-09-05', 49);
INSERT INTO finca.historial_ventas (Fecha, idVenta) VALUES ('2024-09-10', 50);

INSERT INTO finca.inventario_herramientas (Cantidad, Estado, Fecha, idHerramienta) VALUES (10, 'Nuevo', '2024-01-01', 1);
INSERT INTO finca.inventario_herramientas (Cantidad, Estado, Fecha, idHerramienta) VALUES (8, 'Usado', '2024-01-05', 2);
INSERT INTO finca.inventario_herramientas (Cantidad, Estado, Fecha, idHerramienta) VALUES (15, 'Nuevo', '2024-01-10', 3);
INSERT INTO finca.inventario_herramientas (Cantidad, Estado, Fecha, idHerramienta) VALUES (12, 'Reparado', '2024-01-15', 4);
INSERT INTO finca.inventario_herramientas (Cantidad, Estado, Fecha, idHerramienta) VALUES (9, 'Usado', '2024-01-20', 5);
INSERT INTO finca.inventario_herramientas (Cantidad, Estado, Fecha, idHerramienta) VALUES (7, 'Dañado', '2024-01-25', 6);
INSERT INTO finca.inventario_herramientas (Cantidad, Estado, Fecha, idHerramienta) VALUES (5, 'Nuevo', '2024-02-01', 7);
INSERT INTO finca.inventario_herramientas (Cantidad, Estado, Fecha, idHerramienta) VALUES (20, 'Usado', '2024-02-05', 8);
INSERT INTO finca.inventario_herramientas (Cantidad, Estado, Fecha, idHerramienta) VALUES (18, 'Reparado', '2024-02-10', 9);
INSERT INTO finca.inventario_herramientas (Cantidad, Estado, Fecha, idHerramienta) VALUES (10, 'Nuevo', '2024-02-15', 10);
INSERT INTO finca.inventario_herramientas (Cantidad, Estado, Fecha, idHerramienta) VALUES (14, 'Dañado', '2024-02-20', 11);
INSERT INTO finca.inventario_herramientas (Cantidad, Estado, Fecha, idHerramienta) VALUES (12, 'Nuevo', '2024-02-25', 12);
INSERT INTO finca.inventario_herramientas (Cantidad, Estado, Fecha, idHerramienta) VALUES (6, 'Usado', '2024-03-01', 13);
INSERT INTO finca.inventario_herramientas (Cantidad, Estado, Fecha, idHerramienta) VALUES (11, 'Reparado', '2024-03-05', 14);
INSERT INTO finca.inventario_herramientas (Cantidad, Estado, Fecha, idHerramienta) VALUES (9, 'Nuevo', '2024-03-10', 15);
INSERT INTO finca.inventario_herramientas (Cantidad, Estado, Fecha, idHerramienta) VALUES (7, 'Dañado', '2024-03-15', 16);
INSERT INTO finca.inventario_herramientas (Cantidad, Estado, Fecha, idHerramienta) VALUES (5, 'Usado', '2024-03-20', 17);
INSERT INTO finca.inventario_herramientas (Cantidad, Estado, Fecha, idHerramienta) VALUES (16, 'Nuevo', '2024-03-25', 18);
INSERT INTO finca.inventario_herramientas (Cantidad, Estado, Fecha, idHerramienta) VALUES (14, 'Reparado', '2024-04-01', 19);
INSERT INTO finca.inventario_herramientas (Cantidad, Estado, Fecha, idHerramienta) VALUES (12, 'Nuevo', '2024-04-05', 20);
INSERT INTO finca.inventario_herramientas (Cantidad, Estado, Fecha, idHerramienta) VALUES (20, 'Dañado', '2024-04-10', 21);
INSERT INTO finca.inventario_herramientas (Cantidad, Estado, Fecha, idHerramienta) VALUES (18, 'Usado', '2024-04-15', 22);
INSERT INTO finca.inventario_herramientas (Cantidad, Estado, Fecha, idHerramienta) VALUES (8, 'Nuevo', '2024-04-20', 23);
INSERT INTO finca.inventario_herramientas (Cantidad, Estado, Fecha, idHerramienta) VALUES (6, 'Reparado', '2024-04-25', 24);
INSERT INTO finca.inventario_herramientas (Cantidad, Estado, Fecha, idHerramienta) VALUES (14, 'Usado', '2024-05-01', 25);
INSERT INTO finca.inventario_herramientas (Cantidad, Estado, Fecha, idHerramienta) VALUES (10, 'Nuevo', '2024-05-05', 26);
INSERT INTO finca.inventario_herramientas (Cantidad, Estado, Fecha, idHerramienta) VALUES (16, 'Reparado', '2024-05-10', 27);
INSERT INTO finca.inventario_herramientas (Cantidad, Estado, Fecha, idHerramienta) VALUES (9, 'Dañado', '2024-05-15', 28);
INSERT INTO finca.inventario_herramientas (Cantidad, Estado, Fecha, idHerramienta) VALUES (5, 'Nuevo', '2024-05-20', 29);
INSERT INTO finca.inventario_herramientas (Cantidad, Estado, Fecha, idHerramienta) VALUES (12, 'Usado', '2024-05-25', 30);
INSERT INTO finca.inventario_herramientas (Cantidad, Estado, Fecha, idHerramienta) VALUES (7, 'Reparado', '2024-06-01', 31);
INSERT INTO finca.inventario_herramientas (Cantidad, Estado, Fecha, idHerramienta) VALUES (20, 'Nuevo', '2024-06-05', 32);
INSERT INTO finca.inventario_herramientas (Cantidad, Estado, Fecha, idHerramienta) VALUES (18, 'Dañado', '2024-06-10', 33);
INSERT INTO finca.inventario_herramientas (Cantidad, Estado, Fecha, idHerramienta) VALUES (10, 'Nuevo', '2024-06-15', 34);
INSERT INTO finca.inventario_herramientas (Cantidad, Estado, Fecha, idHerramienta) VALUES (15, 'Reparado', '2024-06-20', 35);
INSERT INTO finca.inventario_herramientas (Cantidad, Estado, Fecha, idHerramienta) VALUES (8, 'Usado', '2024-06-25', 36);
INSERT INTO finca.inventario_herramientas (Cantidad, Estado, Fecha, idHerramienta) VALUES (12, 'Nuevo', '2024-07-01', 37);
INSERT INTO finca.inventario_herramientas (Cantidad, Estado, Fecha, idHerramienta) VALUES (14, 'Reparado', '2024-07-05', 38);
INSERT INTO finca.inventario_herramientas (Cantidad, Estado, Fecha, idHerramienta) VALUES (7, 'Dañado', '2024-07-10', 39);
INSERT INTO finca.inventario_herramientas (Cantidad, Estado, Fecha, idHerramienta) VALUES (16, 'Nuevo', '2024-07-15', 40);
INSERT INTO finca.inventario_herramientas (Cantidad, Estado, Fecha, idHerramienta) VALUES (11, 'Usado', '2024-07-20', 41);
INSERT INTO finca.inventario_herramientas (Cantidad, Estado, Fecha, idHerramienta) VALUES (6, 'Reparado', '2024-07-25', 42);
INSERT INTO finca.inventario_herramientas (Cantidad, Estado, Fecha, idHerramienta) VALUES (19, 'Nuevo', '2024-08-01', 43);
INSERT INTO finca.inventario_herramientas (Cantidad, Estado, Fecha, idHerramienta) VALUES (17, 'Dañado', '2024-08-05', 44);
INSERT INTO finca.inventario_herramientas (Cantidad, Estado, Fecha, idHerramienta) VALUES (9, 'Reparado', '2024-08-10', 45);
INSERT INTO finca.inventario_herramientas (Cantidad, Estado, Fecha, idHerramienta) VALUES (7, 'Usado', '2024-08-15', 46);
INSERT INTO finca.inventario_herramientas (Cantidad, Estado, Fecha, idHerramienta) VALUES (13, 'Nuevo', '2024-08-20', 47);
INSERT INTO finca.inventario_herramientas (Cantidad, Estado, Fecha, idHerramienta) VALUES (15, 'Reparado', '2024-08-25', 48);
INSERT INTO finca.inventario_herramientas (Cantidad, Estado, Fecha, idHerramienta) VALUES (12, 'Dañado', '2024-09-01', 49);
INSERT INTO finca.inventario_herramientas (Cantidad, Estado, Fecha, idHerramienta) VALUES (18, 'Nuevo', '2024-09-05', 50);
