USE finca;
INSERT INTO finca.terreno_agricola (Hectareas, Tipo, Estado) VALUES (10, 'Cultivo de maíz', 'Disponible');
INSERT INTO finca.terreno_agricola (Hectareas, Tipo, Estado) VALUES (15, 'Cultivo de café', 'Ocupado');
INSERT INTO finca.terreno_agricola (Hectareas, Tipo, Estado) VALUES (20, 'Cultivo de frijoles', 'Disponible');
INSERT INTO finca.terreno_agricola (Hectareas, Tipo, Estado) VALUES (12, 'Cultivo de papa', 'Ocupado');
INSERT INTO finca.terreno_agricola (Hectareas, Tipo, Estado) VALUES (25, 'Cultivo de yuca', 'Disponible');
INSERT INTO finca.terreno_agricola (Hectareas, Tipo, Estado) VALUES (30, 'Cultivo de plátano', 'Ocupado');
INSERT INTO finca.terreno_agricola (Hectareas, Tipo, Estado) VALUES (18, 'Cultivo de tomate', 'Disponible');
INSERT INTO finca.terreno_agricola (Hectareas, Tipo, Estado) VALUES (22, 'Cultivo de cebolla', 'Ocupado');
INSERT INTO finca.terreno_agricola (Hectareas, Tipo, Estado) VALUES (8, 'Cultivo de zanahoria', 'Disponible');
INSERT INTO finca.terreno_agricola (Hectareas, Tipo, Estado) VALUES (14, 'Cultivo de aguacate', 'Ocupado');
INSERT INTO finca.terreno_agricola (Hectareas, Tipo, Estado) VALUES (27, 'Cultivo de caña de azúcar', 'Disponible');
INSERT INTO finca.terreno_agricola (Hectareas, Tipo, Estado) VALUES (9, 'Cultivo de chía', 'Ocupado');
INSERT INTO finca.terreno_agricola (Hectareas, Tipo, Estado) VALUES (13, 'Cultivo de hierbas aromáticas', 'Disponible');
INSERT INTO finca.terreno_agricola (Hectareas, Tipo, Estado) VALUES (19, 'Cultivo de melón', 'Ocupado');
INSERT INTO finca.terreno_agricola (Hectareas, Tipo, Estado) VALUES (11, 'Cultivo de fresa', 'Disponible');
INSERT INTO finca.terreno_agricola (Hectareas, Tipo, Estado) VALUES (16, 'Cultivo de pepino', 'Ocupado');
INSERT INTO finca.terreno_agricola (Hectareas, Tipo, Estado) VALUES (28, 'Cultivo de sandía', 'Disponible');
INSERT INTO finca.terreno_agricola (Hectareas, Tipo, Estado) VALUES (7, 'Cultivo de pimiento', 'Ocupado');
INSERT INTO finca.terreno_agricola (Hectareas, Tipo, Estado) VALUES (21, 'Cultivo de guanábana', 'Disponible');
INSERT INTO finca.terreno_agricola (Hectareas, Tipo, Estado) VALUES (24, 'Cultivo de durazno', 'Ocupado');
INSERT INTO finca.terreno_agricola (Hectareas, Tipo, Estado) VALUES (17, 'Cultivo de arveja', 'Disponible');
INSERT INTO finca.terreno_agricola (Hectareas, Tipo, Estado) VALUES (6, 'Cultivo de frutilla', 'Ocupado');
INSERT INTO finca.terreno_agricola (Hectareas, Tipo, Estado) VALUES (29, 'Cultivo de hortalizas mixtas', 'Disponible');
INSERT INTO finca.terreno_agricola (Hectareas, Tipo, Estado) VALUES (3, 'Cultivo de espinaca', 'Ocupado');
INSERT INTO finca.terreno_agricola (Hectareas, Tipo, Estado) VALUES (4, 'Cultivo de brócoli', 'Disponible');
INSERT INTO finca.terreno_agricola (Hectareas, Tipo, Estado) VALUES (5, 'Cultivo de remolacha', 'Ocupado');
INSERT INTO finca.terreno_agricola (Hectareas, Tipo, Estado) VALUES (26, 'Cultivo de alfalfa', 'Disponible');
INSERT INTO finca.terreno_agricola (Hectareas, Tipo, Estado) VALUES (2, 'Cultivo de repollo', 'Ocupado');
INSERT INTO finca.terreno_agricola (Hectareas, Tipo, Estado) VALUES (1, 'Cultivo de coliflor', 'Disponible');
INSERT INTO finca.terreno_agricola (Hectareas, Tipo, Estado) VALUES (23, 'Cultivo de lichi', 'Ocupado');
INSERT INTO finca.terreno_agricola (Hectareas, Tipo, Estado) VALUES (9, 'Cultivo de pimientos', 'Disponible');
INSERT INTO finca.terreno_agricola (Hectareas, Tipo, Estado) VALUES (11, 'Cultivo de achiote', 'Ocupado');
INSERT INTO finca.terreno_agricola (Hectareas, Tipo, Estado) VALUES (5, 'Cultivo de pitaya', 'Disponible');
INSERT INTO finca.terreno_agricola (Hectareas, Tipo, Estado) VALUES (12, 'Cultivo de cerezos', 'Ocupado');
INSERT INTO finca.terreno_agricola (Hectareas, Tipo, Estado) VALUES (19, 'Cultivo de nanches', 'Disponible');
INSERT INTO finca.terreno_agricola (Hectareas, Tipo, Estado) VALUES (26, 'Cultivo de ciruelas', 'Ocupado');
INSERT INTO finca.terreno_agricola (Hectareas, Tipo, Estado) VALUES (13, 'Cultivo de kiwi', 'Disponible');
INSERT INTO finca.terreno_agricola (Hectareas, Tipo, Estado) VALUES (30, 'Cultivo de castañas', 'Ocupado');
INSERT INTO finca.terreno_agricola (Hectareas, Tipo, Estado) VALUES (8, 'Cultivo de hortalizas', 'Disponible');
INSERT INTO finca.terreno_agricola (Hectareas, Tipo, Estado) VALUES (17, 'Cultivo de uvas', 'Ocupado');
INSERT INTO finca.terreno_agricola (Hectareas, Tipo, Estado) VALUES (15, 'Cultivo de moras', 'Disponible');
INSERT INTO finca.terreno_agricola (Hectareas, Tipo, Estado) VALUES (14, 'Cultivo de cebollín', 'Ocupado');
INSERT INTO finca.terreno_agricola (Hectareas, Tipo, Estado) VALUES (10, 'Cultivo de ginseng', 'Disponible');
INSERT INTO finca.terreno_agricola (Hectareas, Tipo, Estado) VALUES (21, 'Cultivo de guanábana', 'Ocupado');
INSERT INTO finca.terreno_agricola (Hectareas, Tipo, Estado) VALUES (29, 'Cultivo de hierbas medicinales', 'Disponible');
INSERT INTO finca.terreno_agricola (Hectareas, Tipo, Estado) VALUES (24, 'Cultivo de lavanda', 'Ocupado');
INSERT INTO finca.terreno_agricola (Hectareas, Tipo, Estado) VALUES (23, 'Cultivo de espárragos', 'Disponible');
INSERT INTO finca.terreno_agricola (Hectareas, Tipo, Estado) VALUES (22, 'Cultivo de fresas', 'Ocupado');


INSERT INTO finca.agricola (Tipo, Cantidad, Fecha_Siembra, Fecha_Cosecha, Estado, idTerreno_Agricola) VALUES ('Maíz', 1000, '2024-01-15', '2024-05-15', 'Cosechado', 1); -- 1
INSERT INTO finca.agricola (Tipo, Cantidad, Fecha_Siembra, Fecha_Cosecha, Estado, idTerreno_Agricola) VALUES ('Café', 500, '2024-02-10', '2024-09-10', 'Cosechado', 2); -- 2
INSERT INTO finca.agricola (Tipo, Cantidad, Fecha_Siembra, Fecha_Cosecha, Estado, idTerreno_Agricola) VALUES ('Frijoles', 700, '2024-03-01', '2024-07-01', 'Cosechado', 3); -- 3
INSERT INTO finca.agricola (Tipo, Cantidad, Fecha_Siembra, Fecha_Cosecha, Estado, idTerreno_Agricola) VALUES ('Papa', 800, '2024-01-20', '2024-06-20', 'Cosechado', 4); -- 4
INSERT INTO finca.agricola (Tipo, Cantidad, Fecha_Siembra, Fecha_Cosecha, Estado, idTerreno_Agricola) VALUES ('Yuca', 600, '2024-03-15', '2024-10-15', 'Por cosechar', 5); -- 5
INSERT INTO finca.agricola (Tipo, Cantidad, Fecha_Siembra, Fecha_Cosecha, Estado, idTerreno_Agricola) VALUES ('Plátano', 300, '2024-03-05', '2024-10-05', 'Cosechado', 6); -- 6
INSERT INTO finca.agricola (Tipo, Cantidad, Fecha_Siembra, Fecha_Cosecha, Estado, idTerreno_Agricola) VALUES ('Tomate', 450, '2024-01-25', '2024-05-25', 'Cosechado', 7); -- 7
INSERT INTO finca.agricola (Tipo, Cantidad, Fecha_Siembra, Fecha_Cosecha, Estado, idTerreno_Agricola) VALUES ('Cebolla', 500, '2024-02-20', '2024-07-20', 'Cosechado', 8); -- 8
INSERT INTO finca.agricola (Tipo, Cantidad, Fecha_Siembra, Fecha_Cosecha, Estado, idTerreno_Agricola) VALUES ('Zanahoria', 400, '2024-03-10', '2024-09-10', 'Cosechado', 9); -- 9
INSERT INTO finca.agricola (Tipo, Cantidad, Fecha_Siembra, Fecha_Cosecha, Estado, idTerreno_Agricola) VALUES ('Aguacate', 350, '2024-01-30', '2024-11-30', 'En crecimiento', 10); -- 10
INSERT INTO finca.agricola (Tipo, Cantidad, Fecha_Siembra, Fecha_Cosecha, Estado, idTerreno_Agricola) VALUES ('Caña de azúcar', 900, '2024-02-25', '2024-12-25', 'En crecimiento', 11); -- 11
INSERT INTO finca.agricola (Tipo, Cantidad, Fecha_Siembra, Fecha_Cosecha, Estado, idTerreno_Agricola) VALUES ('Chía', 200, '2024-01-05', '2024-06-05', 'Cosechado', 12); -- 12
INSERT INTO finca.agricola (Tipo, Cantidad, Fecha_Siembra, Fecha_Cosecha, Estado, idTerreno_Agricola) VALUES ('Hierbas aromáticas', 150, '2024-02-05', '2024-05-05', 'Cosechado', 13); -- 13
INSERT INTO finca.agricola (Tipo, Cantidad, Fecha_Siembra, Fecha_Cosecha, Estado, idTerreno_Agricola) VALUES ('Melón', 300, '2024-03-15', '2024-08-15', 'Por cosechar', 14); -- 14
INSERT INTO finca.agricola (Tipo, Cantidad, Fecha_Siembra, Fecha_Cosecha, Estado, idTerreno_Agricola) VALUES ('Fresa', 200, '2024-01-10', '2024-05-10', 'Cosechado', 15); -- 15
INSERT INTO finca.agricola (Tipo, Cantidad, Fecha_Siembra, Fecha_Cosecha, Estado, idTerreno_Agricola) VALUES ('Pepino', 250, '2024-02-18', '2024-07-18', 'Cosechado', 16); -- 16
INSERT INTO finca.agricola (Tipo, Cantidad, Fecha_Siembra, Fecha_Cosecha, Estado, idTerreno_Agricola) VALUES ('Sandía', 350, '2024-03-20', '2024-09-20', 'Cosechado', 17); -- 17
INSERT INTO finca.agricola (Tipo, Cantidad, Fecha_Siembra, Fecha_Cosecha, Estado, idTerreno_Agricola) VALUES ('Pimiento', 400, '2024-02-12', '2024-08-12', 'Cosechado', 18); -- 18
INSERT INTO finca.agricola (Tipo, Cantidad, Fecha_Siembra, Fecha_Cosecha, Estado, idTerreno_Agricola) VALUES ('Guanábana', 100, '2024-04-05', '2024-10-05', 'Por cosechar', 19); -- 19
INSERT INTO finca.agricola (Tipo, Cantidad, Fecha_Siembra, Fecha_Cosecha, Estado, idTerreno_Agricola) VALUES ('Durazno', 80, '2024-01-25', '2024-08-25', 'Cosechado', 20); -- 20
INSERT INTO finca.agricola (Tipo, Cantidad, Fecha_Siembra, Fecha_Cosecha, Estado, idTerreno_Agricola) VALUES ('Arveja', 600, '2024-03-08', '2024-06-08', 'Cosechado', 21); -- 21
INSERT INTO finca.agricola (Tipo, Cantidad, Fecha_Siembra, Fecha_Cosecha, Estado, idTerreno_Agricola) VALUES ('Frutilla', 450, '2024-01-30', '2024-05-30', 'Cosechado', 22); -- 22
INSERT INTO finca.agricola (Tipo, Cantidad, Fecha_Siembra, Fecha_Cosecha, Estado, idTerreno_Agricola) VALUES ('Hortalizas mixtas', 300, '2024-02-18', '2024-09-18', 'Cosechado', 23); -- 23
INSERT INTO finca.agricola (Tipo, Cantidad, Fecha_Siembra, Fecha_Cosecha, Estado, idTerreno_Agricola) VALUES ('Espinaca', 250, '2024-01-10', '2024-05-10', 'Cosechado', 24); -- 24
INSERT INTO finca.agricola (Tipo, Cantidad, Fecha_Siembra, Fecha_Cosecha, Estado, idTerreno_Agricola) VALUES ('Brócoli', 400, '2024-03-15', '2024-10-15', 'Por cosechar', 25); -- 25
INSERT INTO finca.agricola (Tipo, Cantidad, Fecha_Siembra, Fecha_Cosecha, Estado, idTerreno_Agricola) VALUES ('Remolacha', 150, '2024-02-28', '2024-08-28', 'Cosechado', 26); -- 26
INSERT INTO finca.agricola (Tipo, Cantidad, Fecha_Siembra, Fecha_Cosecha, Estado, idTerreno_Agricola) VALUES ('Alfalfa', 200, '2024-03-01', '2024-06-01', 'Cosechado', 27); -- 27
INSERT INTO finca.agricola (Tipo, Cantidad, Fecha_Siembra, Fecha_Cosecha, Estado, idTerreno_Agricola) VALUES ('Repollo', 100, '2024-02-12', '2024-07-12', 'Cosechado', 28); -- 28
INSERT INTO finca.agricola (Tipo, Cantidad, Fecha_Siembra, Fecha_Cosecha, Estado, idTerreno_Agricola) VALUES ('Coliflor', 80, '2024-03-10', '2024-09-10', 'Cosechado', 29); -- 29
INSERT INTO finca.agricola (Tipo, Cantidad, Fecha_Siembra, Fecha_Cosecha, Estado, idTerreno_Agricola) VALUES ('Berenjena', 90, '2024-02-14', '2024-08-14', 'Cosechado', 30); -- 30
INSERT INTO finca.agricola (Tipo, Cantidad, Fecha_Siembra, Fecha_Cosecha, Estado, idTerreno_Agricola) VALUES ('Choclo', 700, '2024-03-25', '2024-09-25', 'Cosechado', 31); -- 31
INSERT INTO finca.agricola (Tipo, Cantidad, Fecha_Siembra, Fecha_Cosecha, Estado, idTerreno_Agricola) VALUES ('Nabo', 120, '2024-01-05', '2024-06-05', 'Cosechado', 32); -- 32
INSERT INTO finca.agricola (Tipo, Cantidad, Fecha_Siembra, Fecha_Cosecha, Estado, idTerreno_Agricola) VALUES ('Almendra', 300, '2024-03-18', '2024-11-18', 'En crecimiento', 33); -- 33
INSERT INTO finca.agricola (Tipo, Cantidad, Fecha_Siembra, Fecha_Cosecha, Estado, idTerreno_Agricola) VALUES ('Castaña', 400, '2024-02-20', '2024-12-20', 'En crecimiento', 34); -- 34
INSERT INTO finca.agricola (Tipo, Cantidad, Fecha_Siembra, Fecha_Cosecha, Estado, idTerreno_Agricola) VALUES ('Tamarindo', 150, '2024-01-15', '2024-10-15', 'Por cosechar', 35); -- 35
INSERT INTO finca.agricola (Tipo, Cantidad, Fecha_Siembra, Fecha_Cosecha, Estado, idTerreno_Agricola) VALUES ('Cítricos', 250, '2024-03-22', '2024-11-22', 'En crecimiento', 36); -- 36
INSERT INTO finca.agricola (Tipo, Cantidad, Fecha_Siembra, Fecha_Cosecha, Estado, idTerreno_Agricola) VALUES ('Lentejas', 180, '2024-01-28', '2024-06-28', 'Cosechado', 37); -- 37
INSERT INTO finca.agricola (Tipo, Cantidad, Fecha_Siembra, Fecha_Cosecha, Estado, idTerreno_Agricola) VALUES ('Cebollín', 130, '2024-02-18', '2024-07-18', 'Cosechado', 38); -- 38
INSERT INTO finca.agricola (Tipo, Cantidad, Fecha_Siembra, Fecha_Cosecha, Estado, idTerreno_Agricola) VALUES ('Brote de alfalfa', 220, '2024-03-30', '2024-08-30', 'Por cosechar', 39); -- 39
INSERT INTO finca.agricola (Tipo, Cantidad, Fecha_Siembra, Fecha_Cosecha, Estado, idTerreno_Agricola) VALUES ('Arándano', 90, '2024-02-15', '2024-09-15', 'Cosechado', 40); -- 40
INSERT INTO finca.agricola (Tipo, Cantidad, Fecha_Siembra, Fecha_Cosecha, Estado, idTerreno_Agricola) VALUES ('Kiwi', 60, '2024-04-01', '2025-01-01', 'En crecimiento', 41); -- 41
INSERT INTO finca.agricola (Tipo, Cantidad, Fecha_Siembra, Fecha_Cosecha, Estado, idTerreno_Agricola) VALUES ('Papaya', 150, '2024-03-05', '2024-10-05', 'Por cosechar', 42); -- 42
INSERT INTO finca.agricola (Tipo, Cantidad, Fecha_Siembra, Fecha_Cosecha, Estado, idTerreno_Agricola) VALUES ('Tamarillo', 110, '2024-01-20', '2024-09-20', 'Cosechado', 43); -- 43
INSERT INTO finca.agricola (Tipo, Cantidad, Fecha_Siembra, Fecha_Cosecha, Estado, idTerreno_Agricola) VALUES ('Maracuyá', 80, '2024-03-12', '2024-08-12', 'Cosechado', 44); -- 44
INSERT INTO finca.agricola (Tipo, Cantidad, Fecha_Siembra, Fecha_Cosecha, Estado, idTerreno_Agricola) VALUES ('Bromelia', 70, '2024-02-08', '2024-07-08', 'Cosechado', 45); -- 45
INSERT INTO finca.agricola (Tipo, Cantidad, Fecha_Siembra, Fecha_Cosecha, Estado, idTerreno_Agricola) VALUES ('Berenjena blanca', 50, '2024-03-15', '2024-08-15', 'Por cosechar', 46); -- 46
INSERT INTO finca.agricola (Tipo, Cantidad, Fecha_Siembra, Fecha_Cosecha, Estado, idTerreno_Agricola) VALUES ('Rábano', 90, '2024-01-30', '2024-06-30', 'Cosechado', 47); -- 47
INSERT INTO finca.agricola (Tipo, Cantidad, Fecha_Siembra, Fecha_Cosecha, Estado, idTerreno_Agricola) VALUES ('Lima', 60, '2024-04-01', '2025-01-01', 'En crecimiento', 48); -- 48
INSERT INTO finca.agricola (Tipo, Cantidad, Fecha_Siembra, Fecha_Cosecha, Estado, idTerreno_Agricola) VALUES ('Guayaba', 120, '2024-02-15', '2024-08-15', 'Cosechado', 48); -- 49
INSERT INTO finca.agricola (Tipo, Cantidad, Fecha_Siembra, Fecha_Cosecha, Estado, idTerreno_Agricola) VALUES ('Naranja', 250, '2024-03-20', '2024-11-20', 'En crecimiento', 48); -- 50


INSERT INTO finca.cargo (Nombre, Requisitos, Nivel) VALUES ('Gerente de Finca', 'Título universitario en agronomía', 'Alta'); -- 1
INSERT INTO finca.cargo (Nombre, Requisitos, Nivel) VALUES ('Agrónomo', 'Título en agronomía', 'Media'); -- 2
INSERT INTO finca.cargo (Nombre, Requisitos, Nivel) VALUES ('Técnico de Cultivos', 'Técnico en agricultura', 'Media'); -- 3
INSERT INTO finca.cargo (Nombre, Requisitos, Nivel) VALUES ('Supervisor de Cosecha', 'Experiencia previa en cosecha', 'Media'); -- 4
INSERT INTO finca.cargo (Nombre, Requisitos, Nivel) VALUES ('Operador de Maquinaria', 'Licencia para operar maquinaria', 'Baja'); -- 5
INSERT INTO finca.cargo (Nombre, Requisitos, Nivel) VALUES ('Asistente Administrativo', 'Técnico en administración', 'Baja'); -- 6
INSERT INTO finca.cargo (Nombre, Requisitos, Nivel) VALUES ('Contador', 'Título en contaduría', 'Alta'); -- 7
INSERT INTO finca.cargo (Nombre, Requisitos, Nivel) VALUES ('Vigilante de Seguridad', 'Experiencia en seguridad', 'Baja'); -- 8
INSERT INTO finca.cargo (Nombre, Requisitos, Nivel) VALUES ('Ingeniero Agrónomo', 'Título en ingeniería agronómica', 'Alta'); -- 9
INSERT INTO finca.cargo (Nombre, Requisitos, Nivel) VALUES ('Capataz de Cultivos', 'Experiencia en supervisión', 'Media'); -- 10
INSERT INTO finca.cargo (Nombre, Requisitos, Nivel) VALUES ('Asistente de Ventas', 'Técnico en ventas', 'Baja'); -- 11
INSERT INTO finca.cargo (Nombre, Requisitos, Nivel) VALUES ('Coordinador de Proyectos', 'Experiencia en gestión de proyectos', 'Alta'); -- 12
INSERT INTO finca.cargo (Nombre, Requisitos, Nivel) VALUES ('Técnico de Mantenimiento', 'Técnico en mantenimiento', 'Media'); -- 13
INSERT INTO finca.cargo (Nombre, Requisitos, Nivel) VALUES ('Jardinero', 'Experiencia en jardinería', 'Baja'); -- 14
INSERT INTO finca.cargo (Nombre, Requisitos, Nivel) VALUES ('Analista de Suelo', 'Técnico en análisis de suelos', 'Media'); -- 15
INSERT INTO finca.cargo (Nombre, Requisitos, Nivel) VALUES ('Asesor Técnico', 'Experiencia en asesoramiento agrícola', 'Alta'); -- 16
INSERT INTO finca.cargo (Nombre, Requisitos, Nivel) VALUES ('Logístico', 'Técnico en logística', 'Media'); -- 17
INSERT INTO finca.cargo (Nombre, Requisitos, Nivel) VALUES ('Investigador Agrícola', 'Título en investigación agrícola', 'Alta'); -- 18
INSERT INTO finca.cargo (Nombre, Requisitos, Nivel) VALUES ('Auxiliar de Almacén', 'Experiencia en manejo de inventarios', 'Baja'); -- 19
INSERT INTO finca.cargo (Nombre, Requisitos, Nivel) VALUES ('Experto en Riego', 'Técnico en sistemas de riego', 'Media'); -- 20
INSERT INTO finca.cargo (Nombre, Requisitos, Nivel) VALUES ('Técnico de Fertilizantes', 'Conocimiento en fertilizantes', 'Media'); -- 21
INSERT INTO finca.cargo (Nombre, Requisitos, Nivel) VALUES ('Operador de Tractor', 'Licencia para operar tractor', 'Baja'); -- 22
INSERT INTO finca.cargo (Nombre, Requisitos, Nivel) VALUES ('Asistente de Investigación', 'Estudiante de agronomía', 'Baja'); -- 23
INSERT INTO finca.cargo (Nombre, Requisitos, Nivel) VALUES ('Técnico en Fitopatología', 'Conocimientos en enfermedades de plantas', 'Media'); -- 24
INSERT INTO finca.cargo (Nombre, Requisitos, Nivel) VALUES ('Supervisor de Calidad', 'Experiencia en control de calidad', 'Media'); -- 25
INSERT INTO finca.cargo (Nombre, Requisitos, Nivel) VALUES ('Gerente de Ventas', 'Experiencia en ventas agrícolas', 'Alta'); -- 26
INSERT INTO finca.cargo (Nombre, Requisitos, Nivel) VALUES ('Biólogo Agrícola', 'Título en biología', 'Alta'); -- 27
INSERT INTO finca.cargo (Nombre, Requisitos, Nivel) VALUES ('Químico Agrícola', 'Título en química', 'Alta'); -- 28
INSERT INTO finca.cargo (Nombre, Requisitos, Nivel) VALUES ('Fotógrafo Agrícola', 'Experiencia en fotografía', 'Baja'); -- 29
INSERT INTO finca.cargo (Nombre, Requisitos, Nivel) VALUES ('Técnico en Irrigación', 'Conocimiento en sistemas de irrigación', 'Media'); -- 30
INSERT INTO finca.cargo (Nombre, Requisitos, Nivel) VALUES ('Experto en Biopesticidas', 'Conocimientos en biopesticidas', 'Media'); -- 31
INSERT INTO finca.cargo (Nombre, Requisitos, Nivel) VALUES ('Controlador de Plagas', 'Experiencia en control de plagas', 'Media'); -- 32
INSERT INTO finca.cargo (Nombre, Requisitos, Nivel) VALUES ('Especialista en Clima', 'Título en meteorología', 'Alta'); -- 33
INSERT INTO finca.cargo (Nombre, Requisitos, Nivel) VALUES ('Asistente de Proyectos', 'Experiencia en gestión de proyectos', 'Baja'); -- 34
INSERT INTO finca.cargo (Nombre, Requisitos, Nivel) VALUES ('Nutricionista de Suelos', 'Conocimiento en nutrición de suelos', 'Media'); -- 35
INSERT INTO finca.cargo (Nombre, Requisitos, Nivel) VALUES ('Técnico de Plaguicidas', 'Conocimientos en plaguicidas', 'Media'); -- 36
INSERT INTO finca.cargo (Nombre, Requisitos, Nivel) VALUES ('Técnico de Invernadero', 'Experiencia en invernaderos', 'Media'); -- 37
INSERT INTO finca.cargo (Nombre, Requisitos, Nivel) VALUES ('Experto en Sostenibilidad', 'Conocimientos en prácticas sostenibles', 'Alta'); -- 38
INSERT INTO finca.cargo (Nombre, Requisitos, Nivel) VALUES ('Analista de Mercado', 'Técnico en marketing', 'Media'); -- 39
INSERT INTO finca.cargo (Nombre, Requisitos, Nivel) VALUES ('Ingeniero de Procesos', 'Título en ingeniería de procesos', 'Alta'); -- 40
INSERT INTO finca.cargo (Nombre, Requisitos, Nivel) VALUES ('Coordinador de Ventas', 'Experiencia en ventas', 'Alta'); -- 41
INSERT INTO finca.cargo (Nombre, Requisitos, Nivel) VALUES ('Gerente de Logística', 'Experiencia en logística', 'Alta'); -- 42
INSERT INTO finca.cargo (Nombre, Requisitos, Nivel) VALUES ('Asistente de Calidad', 'Técnico en calidad', 'Baja'); -- 43
INSERT INTO finca.cargo (Nombre, Requisitos, Nivel) VALUES ('Jefe de Producción', 'Experiencia en producción agrícola', 'Alta'); -- 44
INSERT INTO finca.cargo (Nombre, Requisitos, Nivel) VALUES ('Coordinador de Cultivos', 'Experiencia en cultivos', 'Media'); -- 45
INSERT INTO finca.cargo (Nombre, Requisitos, Nivel) VALUES ('Experto en Recursos Naturales', 'Título en recursos naturales', 'Alta'); -- 46
INSERT INTO finca.cargo (Nombre, Requisitos, Nivel) VALUES ('Consultor Agrícola', 'Experiencia en consultoría agrícola', 'Alta'); -- 47
INSERT INTO finca.cargo (Nombre, Requisitos, Nivel) VALUES ('Manejo de Recursos Hídricos', 'Conocimiento en recursos hídricos', 'Media'); -- 48
INSERT INTO finca.cargo (Nombre, Requisitos, Nivel) VALUES ('Investigador de Cultivos', 'Experiencia en investigación de cultivos', 'Alta'); -- 49
INSERT INTO finca.cargo (Nombre, Requisitos, Nivel) VALUES ('Técnico de Biomasa', 'Conocimiento en biomasa', 'Media'); -- 50


INSERT INTO finca.pais (Nombre) VALUES ('Colombia'); -- 1
INSERT INTO finca.pais (Nombre) VALUES ('Argentina'); -- 2
INSERT INTO finca.pais (Nombre) VALUES ('Brasil'); -- 3
INSERT INTO finca.pais (Nombre) VALUES ('Chile'); -- 4
INSERT INTO finca.pais (Nombre) VALUES ('Perú'); -- 5
INSERT INTO finca.pais (Nombre) VALUES ('Venezuela'); -- 6
INSERT INTO finca.pais (Nombre) VALUES ('Ecuador'); -- 7
INSERT INTO finca.pais (Nombre) VALUES ('Bolivia'); -- 8
INSERT INTO finca.pais (Nombre) VALUES ('Paraguay'); -- 9
INSERT INTO finca.pais (Nombre) VALUES ('Uruguay'); -- 10
INSERT INTO finca.pais (Nombre) VALUES ('México'); -- 11
INSERT INTO finca.pais (Nombre) VALUES ('Guatemala'); -- 12
INSERT INTO finca.pais (Nombre) VALUES ('Honduras'); -- 13
INSERT INTO finca.pais (Nombre) VALUES ('Nicaragua'); -- 14
INSERT INTO finca.pais (Nombre) VALUES ('Costa Rica'); -- 15
INSERT INTO finca.pais (Nombre) VALUES ('El Salvador'); -- 16
INSERT INTO finca.pais (Nombre) VALUES ('Cuba'); -- 17
INSERT INTO finca.pais (Nombre) VALUES ('República Dominicana'); -- 18
INSERT INTO finca.pais (Nombre) VALUES ('Panamá'); -- 19
INSERT INTO finca.pais (Nombre) VALUES ('Jamaica'); -- 20
INSERT INTO finca.pais (Nombre) VALUES ('Trinidad y Tobago'); -- 21
INSERT INTO finca.pais (Nombre) VALUES ('Bahamas'); -- 22
INSERT INTO finca.pais (Nombre) VALUES ('Barbados'); -- 23
INSERT INTO finca.pais (Nombre) VALUES ('Saint Lucia'); -- 24
INSERT INTO finca.pais (Nombre) VALUES ('Saint Vincent y las Granadinas'); -- 25
INSERT INTO finca.pais (Nombre) VALUES ('Grenada'); -- 26
INSERT INTO finca.pais (Nombre) VALUES ('Guyana'); -- 27
INSERT INTO finca.pais (Nombre) VALUES ('Surinam'); -- 28
INSERT INTO finca.pais (Nombre) VALUES ('Chile'); -- 29
INSERT INTO finca.pais (Nombre) VALUES ('Paraguay'); -- 30
INSERT INTO finca.pais (Nombre) VALUES ('Belice'); -- 31
INSERT INTO finca.pais (Nombre) VALUES ('Antigua y Barbuda'); -- 32
INSERT INTO finca.pais (Nombre) VALUES ('Dominica'); -- 33
INSERT INTO finca.pais (Nombre) VALUES ('Haití'); -- 34
INSERT INTO finca.pais (Nombre) VALUES ('Puerto Rico'); -- 35
INSERT INTO finca.pais (Nombre) VALUES ('Islas Caimán'); -- 36
INSERT INTO finca.pais (Nombre) VALUES ('Islas Malvinas'); -- 37
INSERT INTO finca.pais (Nombre) VALUES ('Islas Falkland'); -- 38
INSERT INTO finca.pais (Nombre) VALUES ('Guadalupe'); -- 39
INSERT INTO finca.pais (Nombre) VALUES ('Martinica'); -- 40
INSERT INTO finca.pais (Nombre) VALUES ('Saint Martin'); -- 41
INSERT INTO finca.pais (Nombre) VALUES ('Saba'); -- 42
INSERT INTO finca.pais (Nombre) VALUES ('Sint Eustatius'); -- 43
INSERT INTO finca.pais (Nombre) VALUES ('Sint Maarten'); -- 44
INSERT INTO finca.pais (Nombre) VALUES ('Tokelau'); -- 45
INSERT INTO finca.pais (Nombre) VALUES ('Nauru'); -- 46
INSERT INTO finca.pais (Nombre) VALUES ('Tuvalu'); -- 47
INSERT INTO finca.pais (Nombre) VALUES ('Papúa Nueva Guinea'); -- 48
INSERT INTO finca.pais (Nombre) VALUES ('Micronesia'); -- 49
INSERT INTO finca.pais (Nombre) VALUES ('Vanuatu'); -- 50

INSERT INTO finca.ciudad (Nombre, idPais) VALUES ('Bogotá', 1); -- Colombia
INSERT INTO finca.ciudad (Nombre, idPais) VALUES ('Cali', 1); -- Colombia
INSERT INTO finca.ciudad (Nombre, idPais) VALUES ('Medellín', 1); -- Colombia
INSERT INTO finca.ciudad (Nombre, idPais) VALUES ('Buenos Aires', 2); -- Argentina
INSERT INTO finca.ciudad (Nombre, idPais) VALUES ('Córdoba', 2); -- Argentina
INSERT INTO finca.ciudad (Nombre, idPais) VALUES ('Rosario', 2); -- Argentina
INSERT INTO finca.ciudad (Nombre, idPais) VALUES ('Brasilia', 3); -- Brasil
INSERT INTO finca.ciudad (Nombre, idPais) VALUES ('São Paulo', 3); -- Brasil
INSERT INTO finca.ciudad (Nombre, idPais) VALUES ('Río de Janeiro', 3); -- Brasil
INSERT INTO finca.ciudad (Nombre, idPais) VALUES ('Santiago', 4); -- Chile
INSERT INTO finca.ciudad (Nombre, idPais) VALUES ('Valparaíso', 4); -- Chile
INSERT INTO finca.ciudad (Nombre, idPais) VALUES ('La Serena', 4); -- Chile
INSERT INTO finca.ciudad (Nombre, idPais) VALUES ('Lima', 5); -- Perú
INSERT INTO finca.ciudad (Nombre, idPais) VALUES ('Arequipa', 5); -- Perú
INSERT INTO finca.ciudad (Nombre, idPais) VALUES ('Cusco', 5); -- Perú
INSERT INTO finca.ciudad (Nombre, idPais) VALUES ('Caracas', 6); -- Venezuela
INSERT INTO finca.ciudad (Nombre, idPais) VALUES ('Maracaibo', 6); -- Venezuela
INSERT INTO finca.ciudad (Nombre, idPais) VALUES ('Valencia', 6); -- Venezuela
INSERT INTO finca.ciudad (Nombre, idPais) VALUES ('Quito', 7); -- Ecuador
INSERT INTO finca.ciudad (Nombre, idPais) VALUES ('Guayaquil', 7); -- Ecuador
INSERT INTO finca.ciudad (Nombre, idPais) VALUES ('Cuenca', 7); -- Ecuador
INSERT INTO finca.ciudad (Nombre, idPais) VALUES ('Sucre', 8); -- Bolivia
INSERT INTO finca.ciudad (Nombre, idPais) VALUES ('La Paz', 8); -- Bolivia
INSERT INTO finca.ciudad (Nombre, idPais) VALUES ('Santa Cruz', 8); -- Bolivia
INSERT INTO finca.ciudad (Nombre, idPais) VALUES ('Asunción', 9); -- Paraguay
INSERT INTO finca.ciudad (Nombre, idPais) VALUES ('Ciudad del Este', 9); -- Paraguay
INSERT INTO finca.ciudad (Nombre, idPais) VALUES ('Encarnación', 9); -- Paraguay
INSERT INTO finca.ciudad (Nombre, idPais) VALUES ('Montevideo', 10); -- Uruguay
INSERT INTO finca.ciudad (Nombre, idPais) VALUES ('Salto', 10); -- Uruguay
INSERT INTO finca.ciudad (Nombre, idPais) VALUES ('Paysandú', 10); -- Uruguay
INSERT INTO finca.ciudad (Nombre, idPais) VALUES ('Ciudad de México', 11); -- México
INSERT INTO finca.ciudad (Nombre, idPais) VALUES ('Guadalajara', 11); -- México
INSERT INTO finca.ciudad (Nombre, idPais) VALUES ('Monterrey', 11); -- México
INSERT INTO finca.ciudad (Nombre, idPais) VALUES ('Ciudad de Guatemala', 12); -- Guatemala
INSERT INTO finca.ciudad (Nombre, idPais) VALUES ('Quetzaltenango', 12); -- Guatemala
INSERT INTO finca.ciudad (Nombre, idPais) VALUES ('Escuintla', 12); -- Guatemala
INSERT INTO finca.ciudad (Nombre, idPais) VALUES ('Tegucigalpa', 13); -- Honduras
INSERT INTO finca.ciudad (Nombre, idPais) VALUES ('San Pedro Sula', 13); -- Honduras
INSERT INTO finca.ciudad (Nombre, idPais) VALUES ('La Ceiba', 13); -- Honduras
INSERT INTO finca.ciudad (Nombre, idPais) VALUES ('Managua', 14); -- Nicaragua
INSERT INTO finca.ciudad (Nombre, idPais) VALUES ('León', 14); -- Nicaragua
INSERT INTO finca.ciudad (Nombre, idPais) VALUES ('Granada', 14); -- Nicaragua
INSERT INTO finca.ciudad (Nombre, idPais) VALUES ('San José', 15); -- Costa Rica
INSERT INTO finca.ciudad (Nombre, idPais) VALUES ('Alajuela', 15); -- Costa Rica
INSERT INTO finca.ciudad (Nombre, idPais) VALUES ('Cartago', 15); -- Costa Rica
INSERT INTO finca.ciudad (Nombre, idPais) VALUES ('San Salvador', 16); -- El Salvador
INSERT INTO finca.ciudad (Nombre, idPais) VALUES ('Santa Ana', 16); -- El Salvador
INSERT INTO finca.ciudad (Nombre, idPais) VALUES ('San Miguel', 16); -- El Salvador
INSERT INTO finca.ciudad (Nombre, idPais) VALUES ('La Habana', 17); -- Cuba
INSERT INTO finca.ciudad (Nombre, idPais) VALUES ('Santiago de Cuba', 17); -- Cuba
INSERT INTO finca.ciudad (Nombre, idPais) VALUES ('Camagüey', 17); -- Cuba
INSERT INTO finca.ciudad (Nombre, idPais) VALUES ('Santo Domingo', 18); -- República Dominicana
INSERT INTO finca.ciudad (Nombre, idPais) VALUES ('Santiago', 18); -- República Dominicana
INSERT INTO finca.ciudad (Nombre, idPais) VALUES ('San Pedro de Macorís', 18); -- República Dominicana
INSERT INTO finca.ciudad (Nombre, idPais) VALUES ('Panamá', 19); -- Panamá
INSERT INTO finca.ciudad (Nombre, idPais) VALUES ('David', 19); -- Panamá
INSERT INTO finca.ciudad (Nombre, idPais) VALUES ('Colón', 19); -- Panamá

INSERT INTO finca.direccion (Direccion, idCiudad) VALUES ('Calle 1 #1-10', 1); -- Bogotá
INSERT INTO finca.direccion (Direccion, idCiudad) VALUES ('Avenida 5 #15-20', 1); -- Bogotá
INSERT INTO finca.direccion (Direccion, idCiudad) VALUES ('Calle 50 #30-40', 2); -- Cali
INSERT INTO finca.direccion (Direccion, idCiudad) VALUES ('Carrera 15 #5-6', 3); -- Medellín
INSERT INTO finca.direccion (Direccion, idCiudad) VALUES ('Avenida 9 #90-12', 4); -- Buenos Aires
INSERT INTO finca.direccion (Direccion, idCiudad) VALUES ('Calle San Martín 22', 4); -- Buenos Aires
INSERT INTO finca.direccion (Direccion, idCiudad) VALUES ('Calle Corrientes 5050', 2); -- Córdoba
INSERT INTO finca.direccion (Direccion, idCiudad) VALUES ('Calle Santa Fe 10', 2); -- Rosario
INSERT INTO finca.direccion (Direccion, idCiudad) VALUES ('Avenida Paulista 100', 3); -- São Paulo
INSERT INTO finca.direccion (Direccion, idCiudad) VALUES ('Rua do Ouvidor 30', 3); -- Río de Janeiro
INSERT INTO finca.direccion (Direccion, idCiudad) VALUES ('Avenida Libertador 1500', 4); -- Santiago
INSERT INTO finca.direccion (Direccion, idCiudad) VALUES ('Calle del Salvador 25', 4); -- Valparaíso
INSERT INTO finca.direccion (Direccion, idCiudad) VALUES ('Calle Arequipa 100', 5); -- Lima
INSERT INTO finca.direccion (Direccion, idCiudad) VALUES ('Calle San Francisco 333', 5); -- Arequipa
INSERT INTO finca.direccion (Direccion, idCiudad) VALUES ('Avenida del Libertador 1500', 6); -- Caracas
INSERT INTO finca.direccion (Direccion, idCiudad) VALUES ('Calle 72 #19-45', 6); -- Maracaibo
INSERT INTO finca.direccion (Direccion, idCiudad) VALUES ('Avenida Bolívar 40', 7); -- Quito
INSERT INTO finca.direccion (Direccion, idCiudad) VALUES ('Calle 10 de Agosto 25', 7); -- Guayaquil
INSERT INTO finca.direccion (Direccion, idCiudad) VALUES ('Calle Comercio 10', 8); -- Sucre
INSERT INTO finca.direccion (Direccion, idCiudad) VALUES ('Avenida 6 de Agosto 1500', 8); -- La Paz
INSERT INTO finca.direccion (Direccion, idCiudad) VALUES ('Calle 14 de Mayo 200', 9); -- Asunción
INSERT INTO finca.direccion (Direccion, idCiudad) VALUES ('Calle 7a Proyectada 12', 9); -- Ciudad del Este
INSERT INTO finca.direccion (Direccion, idCiudad) VALUES ('Calle 18 de Julio 1450', 10); -- Montevideo
INSERT INTO finca.direccion (Direccion, idCiudad) VALUES ('Calle Brasil 100', 10); -- Salto
INSERT INTO finca.direccion (Direccion, idCiudad) VALUES ('Calle 1 de Septiembre 10', 11); -- Ciudad de México
INSERT INTO finca.direccion (Direccion, idCiudad) VALUES ('Avenida Juárez 200', 11); -- Guadalajara
INSERT INTO finca.direccion (Direccion, idCiudad) VALUES ('Calle Monterrey 300', 11); -- Monterrey
INSERT INTO finca.direccion (Direccion, idCiudad) VALUES ('Calle 10a 5-25', 12); -- Ciudad de Guatemala
INSERT INTO finca.direccion (Direccion, idCiudad) VALUES ('Calle del Árbol 30', 12); -- Quetzaltenango
INSERT INTO finca.direccion (Direccion, idCiudad) VALUES ('Avenida 8 de Marzo 120', 13); -- Tegucigalpa
INSERT INTO finca.direccion (Direccion, idCiudad) VALUES ('Calle 15 de Septiembre 100', 13); -- San Pedro Sula
INSERT INTO finca.direccion (Direccion, idCiudad) VALUES ('Calle La Paz 500', 14); -- Managua
INSERT INTO finca.direccion (Direccion, idCiudad) VALUES ('Avenida Bolívar 100', 14); -- León
INSERT INTO finca.direccion (Direccion, idCiudad) VALUES ('Calle Central 200', 15); -- San José
INSERT INTO finca.direccion (Direccion, idCiudad) VALUES ('Avenida 2 #1000', 15); -- Alajuela
INSERT INTO finca.direccion (Direccion, idCiudad) VALUES ('Calle 5 de Febrero 15', 16); -- San Salvador
INSERT INTO finca.direccion (Direccion, idCiudad) VALUES ('Calle Independencia 125', 16); -- Santa Ana
INSERT INTO finca.direccion (Direccion, idCiudad) VALUES ('Avenida 10 de Octubre 20', 17); -- La Habana
INSERT INTO finca.direccion (Direccion, idCiudad) VALUES ('Calle 23 de Agosto 15', 17); -- Santiago de Cuba
INSERT INTO finca.direccion (Direccion, idCiudad) VALUES ('Avenida de los Desfiles 100', 18); -- Santo Domingo
INSERT INTO finca.direccion (Direccion, idCiudad) VALUES ('Calle 16 de Agosto 200', 18); -- Santiago
INSERT INTO finca.direccion (Direccion, idCiudad) VALUES ('Calle 4 de Noviembre 500', 19); -- Panamá
INSERT INTO finca.direccion (Direccion, idCiudad) VALUES ('Avenida Balboa 400', 19); -- David

INSERT INTO finca.clientes (Nombre, Estado, Tipo, Fecha_Nacimiento, idDireccion) VALUES ('Juan Pérez', 'Activo', 'Premium', '1990-01-15', 1);
INSERT INTO finca.clientes (Nombre, Estado, Tipo, Fecha_Nacimiento, idDireccion) VALUES ('María Gómez', 'Activo', 'VIP', '1985-03-22', 2);
INSERT INTO finca.clientes (Nombre, Estado, Tipo, Fecha_Nacimiento, idDireccion) VALUES ('Carlos Ruiz', 'Inactivo', 'Regular', '2000-06-30', 3);
INSERT INTO finca.clientes (Nombre, Estado, Tipo, Fecha_Nacimiento, idDireccion) VALUES ('Sofía Martínez', 'Activo', 'VIP', '1998-05-12', 4);
INSERT INTO finca.clientes (Nombre, Estado, Tipo, Fecha_Nacimiento, idDireccion) VALUES ('Andrés Torres', 'Activo', 'Premium', '1992-11-18', 5);
INSERT INTO finca.clientes (Nombre, Estado, Tipo, Fecha_Nacimiento, idDireccion) VALUES ('Laura López', 'Inactivo', 'Regular', '1979-02-10', 6);
INSERT INTO finca.clientes (Nombre, Estado, Tipo, Fecha_Nacimiento, idDireccion) VALUES ('Luis Fernández', 'Activo', 'VIP', '1995-04-14', 7);
INSERT INTO finca.clientes (Nombre, Estado, Tipo, Fecha_Nacimiento, idDireccion) VALUES ('Ana Rodríguez', 'Activo', 'Premium', '1987-08-25', 8);
INSERT INTO finca.clientes (Nombre, Estado, Tipo, Fecha_Nacimiento, idDireccion) VALUES ('Pedro Sánchez', 'Inactivo', 'Regular', '1993-12-03', 9);
INSERT INTO finca.clientes (Nombre, Estado, Tipo, Fecha_Nacimiento, idDireccion) VALUES ('Claudia Herrera', 'Activo', 'VIP', '1991-07-19', 10);
INSERT INTO finca.clientes (Nombre, Estado, Tipo, Fecha_Nacimiento, idDireccion) VALUES ('Diego Castro', 'Activo', 'Premium', '1988-09-05', 11);
INSERT INTO finca.clientes (Nombre, Estado, Tipo, Fecha_Nacimiento, idDireccion) VALUES ('Valentina Morales', 'Inactivo', 'Regular', '1996-10-21', 12);
INSERT INTO finca.clientes (Nombre, Estado, Tipo, Fecha_Nacimiento, idDireccion) VALUES ('Gabriel Mendoza', 'Activo', 'VIP', '1994-02-28', 13);
INSERT INTO finca.clientes (Nombre, Estado, Tipo, Fecha_Nacimiento, idDireccion) VALUES ('Fernanda Ortiz', 'Activo', 'Premium', '1983-11-15', 14);
INSERT INTO finca.clientes (Nombre, Estado, Tipo, Fecha_Nacimiento, idDireccion) VALUES ('Ricardo Aguirre', 'Inactivo', 'Regular', '1989-06-17', 15);
INSERT INTO finca.clientes (Nombre, Estado, Tipo, Fecha_Nacimiento, idDireccion) VALUES ('Isabel Salazar', 'Activo', 'VIP', '1997-01-09', 16);
INSERT INTO finca.clientes (Nombre, Estado, Tipo, Fecha_Nacimiento, idDireccion) VALUES ('Santiago Jiménez', 'Activo', 'Premium', '1986-12-24', 17);
INSERT INTO finca.clientes (Nombre, Estado, Tipo, Fecha_Nacimiento, idDireccion) VALUES ('Patricia González', 'Inactivo', 'Regular', '1978-05-30', 18);
INSERT INTO finca.clientes (Nombre, Estado, Tipo, Fecha_Nacimiento, idDireccion) VALUES ('Emanuel Ramírez', 'Activo', 'VIP', '1992-03-16', 19);
INSERT INTO finca.clientes (Nombre, Estado, Tipo, Fecha_Nacimiento, idDireccion) VALUES ('Liliana Pérez', 'Activo', 'Premium', '1995-07-08', 20);
INSERT INTO finca.clientes (Nombre, Estado, Tipo, Fecha_Nacimiento, idDireccion) VALUES ('Arturo López', 'Inactivo', 'Regular', '1984-10-11', 21);
INSERT INTO finca.clientes (Nombre, Estado, Tipo, Fecha_Nacimiento, idDireccion) VALUES ('Mónica Díaz', 'Activo', 'VIP', '1991-01-27', 22);
INSERT INTO finca.clientes (Nombre, Estado, Tipo, Fecha_Nacimiento, idDireccion) VALUES ('Nicolás Torres', 'Activo', 'Premium', '1988-09-19', 23);
INSERT INTO finca.clientes (Nombre, Estado, Tipo, Fecha_Nacimiento, idDireccion) VALUES ('Cecilia Morales', 'Inactivo', 'Regular', '1993-12-12', 24);
INSERT INTO finca.clientes (Nombre, Estado, Tipo, Fecha_Nacimiento, idDireccion) VALUES ('Mauricio Cruz', 'Activo', 'VIP', '1994-05-15', 25);
INSERT INTO finca.clientes (Nombre, Estado, Tipo, Fecha_Nacimiento, idDireccion) VALUES ('Sandra Vargas', 'Activo', 'Premium', '1985-08-24', 26);
INSERT INTO finca.clientes (Nombre, Estado, Tipo, Fecha_Nacimiento, idDireccion) VALUES ('Oscar Rojas', 'Inactivo', 'Regular', '1990-04-09', 27);
INSERT INTO finca.clientes (Nombre, Estado, Tipo, Fecha_Nacimiento, idDireccion) VALUES ('Karla Díaz', 'Activo', 'VIP', '1996-06-30', 28);
INSERT INTO finca.clientes (Nombre, Estado, Tipo, Fecha_Nacimiento, idDireccion) VALUES ('Sergio Herrera', 'Activo', 'Premium', '1987-02-18', 29);
INSERT INTO finca.clientes (Nombre, Estado, Tipo, Fecha_Nacimiento, idDireccion) VALUES ('Mariana Ramos', 'Inactivo', 'Regular', '1993-03-22', 30);
INSERT INTO finca.clientes (Nombre, Estado, Tipo, Fecha_Nacimiento, idDireccion) VALUES ('Fernando Jiménez', 'Activo', 'VIP', '1995-12-04', 31);
INSERT INTO finca.clientes (Nombre, Estado, Tipo, Fecha_Nacimiento, idDireccion) VALUES ('Silvia Méndez', 'Activo', 'Premium', '1989-11-14', 32);
INSERT INTO finca.clientes (Nombre, Estado, Tipo, Fecha_Nacimiento, idDireccion) VALUES ('Alberto Guzmán', 'Inactivo', 'Regular', '1982-10-20', 33);
INSERT INTO finca.clientes (Nombre, Estado, Tipo, Fecha_Nacimiento, idDireccion) VALUES ('Elena Castro', 'Activo', 'VIP', '1994-05-02', 34);
INSERT INTO finca.clientes (Nombre, Estado, Tipo, Fecha_Nacimiento, idDireccion) VALUES ('Víctor Sánchez', 'Activo', 'Premium', '1988-08-18', 35);
INSERT INTO finca.clientes (Nombre, Estado, Tipo, Fecha_Nacimiento, idDireccion) VALUES ('Claudia López', 'Inactivo', 'Regular', '1990-06-12', 36);
INSERT INTO finca.clientes (Nombre, Estado, Tipo, Fecha_Nacimiento, idDireccion) VALUES ('Julián Torres', 'Activo', 'VIP', '1993-03-14', 37);
INSERT INTO finca.clientes (Nombre, Estado, Tipo, Fecha_Nacimiento, idDireccion) VALUES ('Natalia Vargas', 'Activo', 'Premium', '1985-07-26', 38);
INSERT INTO finca.clientes (Nombre, Estado, Tipo, Fecha_Nacimiento, idDireccion) VALUES ('Manuel García', 'Inactivo', 'Regular', '1981-01-08', 39);
INSERT INTO finca.clientes (Nombre, Estado, Tipo, Fecha_Nacimiento, idDireccion) VALUES ('Estefanía Ríos', 'Activo', 'VIP', '1995-02-02', 40);
INSERT INTO finca.clientes (Nombre, Estado, Tipo, Fecha_Nacimiento, idDireccion) VALUES ('Cristian Salazar', 'Activo', 'Premium', '1990-09-29', 41);
INSERT INTO finca.clientes (Nombre, Estado, Tipo, Fecha_Nacimiento, idDireccion) VALUES ('Carmen Ramírez', 'Inactivo', 'Regular', '1996-12-31', 42);
INSERT INTO finca.clientes (Nombre, Estado, Tipo, Fecha_Nacimiento, idDireccion) VALUES ('Diego Soto', 'Activo', 'VIP', '1992-04-11', 43);
INSERT INTO finca.clientes (Nombre, Estado, Tipo, Fecha_Nacimiento, idDireccion) VALUES ('Andrea Herrera', 'Activo', 'Premium', '1986-05-06', 43);
INSERT INTO finca.clientes (Nombre, Estado, Tipo, Fecha_Nacimiento, idDireccion) VALUES ('Tomás León', 'Inactivo', 'Regular', '1983-11-16', 42);
INSERT INTO finca.clientes (Nombre, Estado, Tipo, Fecha_Nacimiento, idDireccion) VALUES ('Gabriela Ruiz', 'Activo', 'VIP', '1997-01-27', 41);
INSERT INTO finca.clientes (Nombre, Estado, Tipo, Fecha_Nacimiento, idDireccion) VALUES ('Luis Ortiz', 'Activo', 'Premium', '1984-08-23', 40);
INSERT INTO finca.clientes (Nombre, Estado, Tipo, Fecha_Nacimiento, idDireccion) VALUES ('Adriana Martínez', 'Inactivo', 'Regular', '1990-10-30', 38);
INSERT INTO finca.clientes (Nombre, Estado, Tipo, Fecha_Nacimiento, idDireccion) VALUES ('Jorge Fernández', 'Activo', 'VIP', '1995-07-15', 39);
INSERT INTO finca.clientes (Nombre, Estado, Tipo, Fecha_Nacimiento, idDireccion) VALUES ('Beatriz Paredes', 'Activo', 'Premium', '1988-09-09', 30);

INSERT INTO finca.empleados (Nombre, Apellido, Salario, Fecha_Contratacion, Fecha_Nacimiento, Hora_inicio, Hora_Finalizacion, Telefono, Estado, idCargo) VALUES 
('Juan', 'Pérez', 2000000.00, '2023-01-15', '1990-05-20', '08:00:00', '17:00:00', 30012345, 'Activo', 1),
('María', 'García', 1800000.00, '2022-02-10', '1985-10-30', '09:00:00', '18:00:00', 30098765, 'Activo', 2),
('Carlos', 'López', 1500000.00, '2021-03-05', '1992-08-15', '07:30:00', '16:30:00', 30034567, 'Inactivo', 3),
('Ana', 'Martínez', 1400000.00, '2020-04-01', '1995-12-25', '08:00:00', '17:00:00', 30065432, 'Activo', 4),
('Luis', 'Hernández', 1300000.00, '2019-05-20', '1988-01-10', '07:00:00', '16:00:00', 30045678, 'Retirado', 5),
('Claudia', 'Rodríguez', 1200000.00, '2018-06-30', '1993-04-05', '08:30:00', '17:30:00', 30023456, 'Activo', 6),
('Pedro', 'Sánchez', 2500000.00, '2023-01-10', '1982-07-18', '09:00:00', '18:00:00', 30087654, 'Activo', 7),
('Laura', 'Ramírez', 1700000.00, '2020-07-15', '1987-03-12', '08:00:00', '17:00:00', 30034567, 'Inactivo', 8),
('Fernando', 'Torres', 1900000.00, '2021-08-25', '1989-09-05', '07:30:00', '16:30:00', 30023456, 'Activo', 9),
('Sofía', 'Vásquez', 2200000.00, '2022-09-01', '1990-11-25', '08:00:00', '17:00:00', 30056789, 'Activo', 10),
('Ricardo', 'Martín', 2100000.00, '2019-10-10', '1991-02-20', '08:00:00', '17:00:00', 30067890, 'Inactivo', 11),
('Marta', 'Cruz', 1600000.00, '2021-11-15', '1994-01-30', '09:00:00', '18:00:00', 30078901, 'Activo', 12),
('Javier', 'Reyes', 1400000.00, '2020-12-20', '1986-05-05', '07:00:00', '16:00:00', 30089012, 'Retirado', 13),
('Patricia', 'Mendoza', 1550000.00, '2018-01-25', '1992-07-15', '08:30:00', '17:30:00', 30090123, 'Inactivo', 14),
('Diego', 'Rojas', 1350000.00, '2019-02-10', '1993-06-20', '08:00:00', '17:00:00', 30001234, 'Activo', 15),
('Gabriela', 'Núñez', 1250000.00, '2017-03-15', '1988-04-10', '09:00:00', '18:00:00', 30012345, 'Activo', 16),
('Andrés', 'Salazar', 2400000.00, '2023-01-05', '1980-08-30', '08:00:00', '17:00:00', 30023456, 'Inactivo', 17),
('Luisa', 'Gómez', 2000000.00, '2021-04-20', '1985-11-12', '07:30:00', '16:30:00', 30034567, 'Retirado', 18),
('David', 'Pinto', 1850000.00, '2019-05-30', '1992-09-22', '08:00:00', '17:00:00', 30045678, 'Activo', 19),
('Elena', 'Ceballos', 1750000.00, '2020-06-25', '1994-01-15', '09:00:00', '18:00:00', 30056789, 'Activo', 20),
('Gustavo', 'Cano', 2500000.00, '2023-01-10', '1984-12-05', '08:30:00', '17:30:00', 30067890, 'Activo', 21),
('Rosa', 'Valdés', 1450000.00, '2018-07-15', '1990-03-18', '08:00:00', '17:00:00', 30078901, 'Inactivo', 22),
('Mónica', 'López', 1300000.00, '2016-08-01', '1987-05-20', '07:00:00', '16:00:00', 30089012, 'Retirado', 23),
('Hugo', 'Muñoz', 2200000.00, '2022-09-05', '1991-01-30', '08:00:00', '17:00:00', 30090123, 'Activo', 24),
('Silvia', 'Serrano', 2100000.00, '2019-10-25', '1989-11-10', '09:00:00', '18:00:00', 30001234, 'Activo', 25),
('Iván', 'Cruz', 1900000.00, '2020-11-15', '1992-07-05', '08:00:00', '17:00:00', 30012345, 'Inactivo', 26),
('Carmen', 'Pérez', 1650000.00, '2021-12-20', '1988-03-12', '08:30:00', '17:30:00', 30023456, 'Activo', 27),
('Esteban', 'Hernández', 1550000.00, '2018-01-30', '1990-02-28', '07:00:00', '16:00:00', 30034567, 'Retirado', 28),
('Verónica', 'Rivas', 1800000.00, '2022-02-15', '1995-09-10', '09:00:00', '18:00:00', 30045678, 'Activo', 29),
('Rodrigo', 'Salas', 2400000.00, '2023-03-10', '1983-12-18', '08:00:00', '17:00:00', 30056789, 'Inactivo', 30),
('Nadia', 'Ramírez', 2100000.00, '2020-04-25', '1994-08-12', '07:30:00', '16:30:00', 30067890, 'Activo', 31),
('Adriana', 'Castillo', 1500000.00, '2021-05-15', '1986-11-20', '08:00:00', '17:00:00', 30078901, 'Retirado', 32),
('Nicolás', 'García', 1600000.00, '2019-06-30', '1993-03-14', '09:00:00', '18:00:00', 30089012, 'Activo', 33),
('Samanta', 'Martínez', 1700000.00, '2020-07-05', '1991-04-11', '08:30:00', '17:30:00', 30090123, 'Activo', 34),
('Leonardo', 'Vélez', 1400000.00, '2022-08-20', '1992-05-28', '08:00:00', '17:00:00', 30001234, 'Inactivo', 35),
('Paola', 'Mendoza', 2300000.00, '2023-09-10', '1985-06-16', '09:00:00', '18:00:00', 30012345, 'Activo', 36),
('Cecilia', 'Reyes', 2200000.00, '2020-10-25', '1990-02-28', '08:00:00', '17:00:00', 30023456, 'Activo', 37),
('Ángel', 'Téllez', 1500000.00, '2021-11-30', '1989-09-04', '07:00:00', '16:00:00', 30034567, 'Retirado', 38),
('Olga', 'Jiménez', 1350000.00, '2022-12-20', '1995-01-19', '09:00:00', '18:00:00', 30045678, 'Activo', 39),
('Gabriel', 'Torres', 1450000.00, '2023-01-15', '1988-03-17', '08:30:00', '17:30:00', 30056789, 'Activo', 40),
('Karla', 'Pizarro', 1550000.00, '2020-02-10', '1994-04-25', '08:00:00', '17:00:00', 30067890, 'Inactivo', 41),
('Héctor', 'Márquez', 1650000.00, '2021-03-15', '1985-08-21', '09:00:00', '18:00:00', 30078901, 'Activo', 42),
('Renata', 'Santos', 1800000.00, '2019-04-20', '1993-12-30', '08:00:00', '17:00:00', 30089012, 'Activo', 43),
('Mauricio', 'Pérez', 1900000.00, '2020-05-25', '1991-06-11', '07:30:00', '16:30:00', 30090123, 'Retirado', 44),
('Diana', 'Vega', 2000000.00, '2021-06-30', '1989-02-08', '08:00:00', '17:00:00', 30001234, 'Activo', 45),
('Cristian', 'Castaño', 2100000.00, '2022-07-05', '1992-10-15', '09:00:00', '18:00:00', 30012345, 'Activo', 46),
('Sara', 'Cárdenas', 2400000.00, '2023-08-10', '1987-03-25', '08:30:00', '17:30:00', 30023456, 'Inactivo', 47),
('Benjamín', 'Peña', 2500000.00, '2020-09-15', '1983-07-14', '08:00:00', '17:00:00', 30034567, 'Activo', 48),
('Carmen', 'Salinas', 2600000.00, '2021-10-20', '1984-11-05', '09:00:00', '18:00:00', 30045678, 'Activo', 49),
('Ivonne', 'Mora', 2700000.00, '2022-11-25', '1992-06-21', '08:00:00', '17:00:00', 30056789, 'Retirado', 50);



INSERT INTO finca.tareas (Nombre, Fecha_Inicio, Fecha_Final, Prioridad, Tipo) VALUES 
('Preparar terreno', '2024-01-10 08:00:00', '2024-01-15 17:00:00', 'Alta', 'Agrícola'),
('Siembra de maíz', '2024-01-20 08:00:00', '2024-01-30 17:00:00', 'Media', 'Agrícola'),
('Cosecha de café', '2024-02-05 08:00:00', '2024-02-15 17:00:00', 'Alta', 'Agrícola'),
('Mantenimiento de maquinaria', '2024-02-20 08:00:00', '2024-02-25 17:00:00', 'Baja', 'Mantenimiento'),
('Recolección de huevos', '2024-03-01 08:00:00', '2024-03-01 12:00:00', 'Media', 'Pecuario'),
('Construcción de cercas', '2024-03-10 08:00:00', '2024-03-20 17:00:00', 'Alta', 'Pecuario'),
('Limpieza de establos', '2024-03-25 08:00:00', '2024-03-30 17:00:00', 'Baja', 'Pecuario'),
('Aplicación de fertilizante', '2024-04-05 08:00:00', '2024-04-10 17:00:00', 'Media', 'Agrícola'),
('Poda de árboles frutales', '2024-04-15 08:00:00', '2024-04-20 17:00:00', 'Baja', 'Agrícola'),
('Revisión de salud animal', '2024-04-25 08:00:00', '2024-04-25 12:00:00', 'Alta', 'Pecuario'),
('Siembra de hortalizas', '2024-05-01 08:00:00', '2024-05-05 17:00:00', 'Media', 'Agrícola'),
('Cosecha de frutas', '2024-05-10 08:00:00', '2024-05-15 17:00:00', 'Alta', 'Agrícola'),
('Reparación de instalaciones', '2024-05-20 08:00:00', '2024-05-25 17:00:00', 'Baja', 'Mantenimiento'),
('Ajustes en el riego', '2024-06-01 08:00:00', '2024-06-05 17:00:00', 'Media', 'Agrícola'),
('Inspección de cultivos', '2024-06-10 08:00:00', '2024-06-15 17:00:00', 'Alta', 'Agrícola'),
('Preparación de alimentos para animales', '2024-06-20 08:00:00', '2024-06-20 12:00:00', 'Baja', 'Pecuario'),
('Establecimiento de nuevas parcelas', '2024-07-01 08:00:00', '2024-07-10 17:00:00', 'Media', 'Agrícola'),
('Capacitación del personal', '2024-07-15 08:00:00', '2024-07-20 17:00:00', 'Alta', 'Mantenimiento'),
('Revisión de inventario', '2024-07-25 08:00:00', '2024-07-25 12:00:00', 'Media', 'Administrativa'),
('Desinfección de instalaciones', '2024-08-01 08:00:00', '2024-08-05 17:00:00', 'Baja', 'Mantenimiento'),
('Siembra de pasto', '2024-08-10 08:00:00', '2024-08-15 17:00:00', 'Media', 'Pecuario'),
('Construcción de nuevos establos', '2024-08-20 08:00:00', '2024-08-30 17:00:00', 'Alta', 'Pecuario'),
('Mantenimiento de cultivos', '2024-09-05 08:00:00', '2024-09-10 17:00:00', 'Media', 'Agrícola'),
('Cosecha de legumbres', '2024-09-15 08:00:00', '2024-09-20 17:00:00', 'Alta', 'Agrícola'),
('Entrenamiento de perros de pastoreo', '2024-09-25 08:00:00', '2024-09-30 17:00:00', 'Baja', 'Pecuario'),
('Plantación de árboles', '2024-10-01 08:00:00', '2024-10-10 17:00:00', 'Media', 'Agrícola'),
('Desarrollo de un plan de rotación', '2024-10-15 08:00:00', '2024-10-20 17:00:00', 'Alta', 'Agrícola'),
('Verificación de sistemas de riego', '2024-10-25 08:00:00', '2024-10-30 17:00:00', 'Baja', 'Mantenimiento'),
('Organización de la cosecha', '2024-11-01 08:00:00', '2024-11-05 17:00:00', 'Media', 'Administrativa'),
('Evaluación de desempeño del personal', '2024-11-10 08:00:00', '2024-11-15 17:00:00', 'Alta', 'Administrativa'),
('Desarrollo de nuevos productos', '2024-11-20 08:00:00', '2024-11-30 17:00:00', 'Media', 'Administrativa'),
('Mantenimiento de herramientas', '2024-12-01 08:00:00', '2024-12-05 17:00:00', 'Baja', 'Mantenimiento'),
('Recolección de datos de cultivos', '2024-12-10 08:00:00', '2024-12-15 17:00:00', 'Alta', 'Administrativa'),
('Auditoría de procesos agrícolas', '2024-12-20 08:00:00', '2024-12-25 17:00:00', 'Media', 'Administrativa'),
('Evaluación de bienestar animal', '2024-12-30 08:00:00', '2025-01-05 17:00:00', 'Baja', 'Pecuario'),
('Preparación para la temporada de lluvias', '2025-01-10 08:00:00', '2025-01-15 17:00:00', 'Alta', 'Mantenimiento'),
('Establecimiento de un programa de compostaje', '2025-01-20 08:00:00', '2025-01-30 17:00:00', 'Media', 'Agrícola'),
('Implementación de prácticas de conservación', '2025-02-05 08:00:00', '2025-02-15 17:00:00', 'Alta', 'Agrícola'),
('Mantenimiento de cultivos de ciclo corto', '2025-02-20 08:00:00', '2025-02-25 17:00:00', 'Baja', 'Agrícola'),
('Evaluación de sistemas de producción', '2025-03-01 08:00:00', '2025-03-05 17:00:00', 'Media', 'Administrativa'),
('Revisión de contratos de proveedores', '2025-03-10 08:00:00', '2025-03-15 17:00:00', 'Alta', 'Administrativa'),
('Capacitación en nuevas tecnologías', '2025-03-20 08:00:00', '2025-03-25 17:00:00', 'Media', 'Mantenimiento'),
('Análisis de costos de producción', '2025-04-01 08:00:00', '2025-04-05 17:00:00', 'Baja', 'Administrativa');


INSERT INTO finca.tipo_maquinaria (Nombre) VALUES ('Preparación del suelo'); -- 1
INSERT INTO finca.tipo_maquinaria (Nombre) VALUES ('Siembra'); -- 2
INSERT INTO finca.tipo_maquinaria (Nombre) VALUES ('Fertilización'); -- 3
INSERT INTO finca.tipo_maquinaria (Nombre) VALUES ('Riego'); -- 4
INSERT INTO finca.tipo_maquinaria (Nombre) VALUES ('Protección de cultivos'); -- 5
INSERT INTO finca.tipo_maquinaria (Nombre) VALUES ('Cosecha'); -- 6
INSERT INTO finca.tipo_maquinaria (Nombre) VALUES ('Poda'); -- 7
INSERT INTO finca.tipo_maquinaria (Nombre) VALUES ('Transporte'); -- 8
INSERT INTO finca.tipo_maquinaria (Nombre) VALUES ('Almacenamiento'); -- 9
INSERT INTO finca.tipo_maquinaria (Nombre) VALUES ('Procesamiento de productos'); -- 10
INSERT INTO finca.tipo_maquinaria (Nombre) VALUES ('Control de maleza'); -- 11
INSERT INTO finca.tipo_maquinaria (Nombre) VALUES ('Control de plagas'); -- 12
INSERT INTO finca.tipo_maquinaria (Nombre) VALUES ('Aplicación de pesticidas'); -- 13
INSERT INTO finca.tipo_maquinaria (Nombre) VALUES ('Monitoreo de cultivos'); -- 14
INSERT INTO finca.tipo_maquinaria (Nombre) VALUES ('Recolección de frutos'); -- 15
INSERT INTO finca.tipo_maquinaria (Nombre) VALUES ('Mantenimiento de terrenos'); -- 16
INSERT INTO finca.tipo_maquinaria (Nombre) VALUES ('Reciclaje de desechos'); -- 17
INSERT INTO finca.tipo_maquinaria (Nombre) VALUES ('Producción de compost'); -- 18
INSERT INTO finca.tipo_maquinaria (Nombre) VALUES ('Carga y descarga'); -- 19
INSERT INTO finca.tipo_maquinaria (Nombre) VALUES ('Desplazamiento interno'); -- 20
INSERT INTO finca.tipo_maquinaria (Nombre) VALUES ('Operaciones en invernadero'); -- 21
INSERT INTO finca.tipo_maquinaria (Nombre) VALUES ('Acondicionamiento de semillas'); -- 22
INSERT INTO finca.tipo_maquinaria (Nombre) VALUES ('Análisis de suelo'); -- 23
INSERT INTO finca.tipo_maquinaria (Nombre) VALUES ('Transporte de fertilizantes'); -- 24
INSERT INTO finca.tipo_maquinaria (Nombre) VALUES ('Aplicación de fertilizantes'); -- 25
INSERT INTO finca.tipo_maquinaria (Nombre) VALUES ('Mantenimiento de riego'); -- 26
INSERT INTO finca.tipo_maquinaria (Nombre) VALUES ('Drenaje de suelos'); -- 27
INSERT INTO finca.tipo_maquinaria (Nombre) VALUES ('Aplicación de enmiendas'); -- 28
INSERT INTO finca.tipo_maquinaria (Nombre) VALUES ('Control de enfermedades'); -- 29
INSERT INTO finca.tipo_maquinaria (Nombre) VALUES ('Manipulación de plaguicidas'); -- 30
INSERT INTO finca.tipo_maquinaria (Nombre) VALUES ('Control de clima'); -- 31
INSERT INTO finca.tipo_maquinaria (Nombre) VALUES ('Gestión de residuos'); -- 32
INSERT INTO finca.tipo_maquinaria (Nombre) VALUES ('Ventilación de almacenes'); -- 33
INSERT INTO finca.tipo_maquinaria (Nombre) VALUES ('Control de humedad'); -- 34
INSERT INTO finca.tipo_maquinaria (Nombre) VALUES ('Recogida de forraje'); -- 35
INSERT INTO finca.tipo_maquinaria (Nombre) VALUES ('Preparación de cultivos'); -- 36
INSERT INTO finca.tipo_maquinaria (Nombre) VALUES ('Operación de tractores'); -- 37
INSERT INTO finca.tipo_maquinaria (Nombre) VALUES ('Reparación de equipos'); -- 38
INSERT INTO finca.tipo_maquinaria (Nombre) VALUES ('Aireación del suelo'); -- 39
INSERT INTO finca.tipo_maquinaria (Nombre) VALUES ('Compactación de suelos'); -- 40
INSERT INTO finca.tipo_maquinaria (Nombre) VALUES ('Control de irrigación'); -- 41
INSERT INTO finca.tipo_maquinaria (Nombre) VALUES ('Control de nutrientes'); -- 42
INSERT INTO finca.tipo_maquinaria (Nombre) VALUES ('Procesamiento de semillas'); -- 43
INSERT INTO finca.tipo_maquinaria (Nombre) VALUES ('Cultivo de vegetales'); -- 44
INSERT INTO finca.tipo_maquinaria (Nombre) VALUES ('Pesaje de productos'); -- 45
INSERT INTO finca.tipo_maquinaria (Nombre) VALUES ('Clasificación de productos'); -- 46
INSERT INTO finca.tipo_maquinaria (Nombre) VALUES ('Mantenimiento de maquinaria'); -- 47
INSERT INTO finca.tipo_maquinaria (Nombre) VALUES ('Lavado de maquinaria'); -- 48
INSERT INTO finca.tipo_maquinaria (Nombre) VALUES ('Limpieza de cultivos'); -- 49
INSERT INTO finca.tipo_maquinaria (Nombre) VALUES ('Monitoreo de recursos'); -- 50


INSERT INTO `finca`.`maquinaria` (`Nombre`, `Cantidad`, `Horas_Operativas`, `idTipo_Maquinaria`, `idTarea`) VALUES
('Tractor John Deere', 2, 1200, 1, 1), -- Preparar terreno (Agrícola)
('Cosechadora Claas', 1, 800, 1, 3), -- Cosecha de café (Agrícola)
('Sembradora Massey Ferguson', 1, 600, 2, 2), -- Siembra de maíz (Agrícola)
('Fertilizadora Amazone', 1, 500, 2, 8), -- Aplicación de fertilizante (Agrícola)
('Podadora Husqvarna', 4, 300, 3, 9), -- Poda de árboles frutales (Agrícola)
('Camión Ford', 3, 1500, 4, 12), -- Cosecha de frutas (Agrícola)
('Arado John Deere', 2, 950, 1, 17), -- Establecimiento de nuevas parcelas (Agrícola)
('Sistema de riego centralizado', 1, 1200, 5, 14), -- Ajustes en el riego (Agrícola)
('Motocultor Honda', 3, 400, 1, 27), -- Desarrollo de un plan de rotación (Agrícola)
('Compactadora Caterpillar', 1, 700, 4, 26), -- Plantación de árboles (Agrícola)
('Cosechadora de legumbres', 2, 1000, 1, 24), -- Cosecha de legumbres (Agrícola)
('Tractor Massey Ferguson', 2, 1100, 1, 38), -- Implementación de prácticas de conservación (Agrícola)
('Pulverizadora John Deere', 2, 800, 2, 39), -- Mantenimiento de cultivos de ciclo corto (Agrícola)
('Sembradora de trigo', 1, 450, 2, 11), -- Siembra de hortalizas (Agrícola)
('Tractor Kubota', 3, 1000, 1, 23), -- Mantenimiento de cultivos (Agrícola)
('Sopladora Stihl', 5, 200, 3, 33), -- Recolección de datos de cultivos (Administrativa)
('Pala mecánica', 1, 600, 4, 15), -- Inspección de cultivos (Agrícola)
('Plataforma de fumigación', 1, 700, 5, 34), -- Auditoría de procesos agrícolas (Administrativa)
('Desmalezadora Honda', 3, 350, 3, 16), -- Preparación de alimentos para animales (Pecuario)
('Motocultor Husqvarna', 2, 300, 1, 37), -- Establecimiento de un programa de compostaje (Agrícola)
('Camión de reparto', 1, 600, 6, 19), -- Revisión de inventario (Administrativa)
('Sistema de gestión de inventarios', 1, 300, 7, 30), -- Evaluación de desempeño del personal (Administrativa)
('Software de auditoría', 1, 200, 7, 34), -- Auditoría de procesos agrícolas (Administrativa)
('Sistema de registro de producción', 1, 250, 7, 40), -- Evaluación de sistemas de producción (Administrativa)
('Máquina clasificadora de huevos', 1, 150, 8, 5), -- Recolección de huevos (Pecuario)
('Cortadora de césped', 2, 400, 9, 7), -- Limpieza de establos (Pecuario)
('Incubadora de huevos automática', 1, 200, 8, 35), -- Evaluación de bienestar animal (Pecuario)
('Cargadora Frontal', 1, 700, 4, 22), -- Construcción de nuevos establos (Pecuario)
('Sistema de alimentación automática', 1, 600, 8, 21), -- Siembra de pasto (Pecuario)
('Remolque de ganado', 2, 900, 4, 25), -- Entrenamiento de perros de pastoreo (Pecuario)
('Camión Nissan', 2, 1800, 6, 16), -- Preparación de alimentos para animales (Pecuario)
('Pulverizador de mochila', 5, 200, 3, 9), -- Poda de árboles frutales (Agrícola)
('Rodillo compactador', 1, 500, 4, 36), -- Preparación para la temporada de lluvias (Mantenimiento)
('Plataforma elevadora', 1, 500, 6, 13), -- Reparación de instalaciones (Mantenimiento)
('Cosechadora de papas', 2, 1000, 1, 24), -- Cosecha de legumbres (Agrícola)
('Pulidora eléctrica', 1, 150, 10, 42), -- Capacitación en nuevas tecnologías (Mantenimiento)
('Sistema de compostaje', 1, 500, 5, 37), -- Establecimiento de un programa de compostaje (Agrícola)
('Trituradora de ramas', 2, 600, 5, 38), -- Implementación de prácticas de conservación (Agrícola)
('Estación de soldadura', 1, 250, 10, 36), -- Preparación para la temporada de lluvias (Mantenimiento)
('Segadora de pasto', 2, 450, 9, 39), -- Mantenimiento de cultivos de ciclo corto (Agrícola)
('Tanque de almacenamiento de agua', 1, 1200, 5, 28), -- Verificación de sistemas de riego (Mantenimiento)
('Camión de mantenimiento', 1, 900, 6, 4), -- Mantenimiento de maquinaria (Mantenimiento)
('Plataforma elevadora portátil', 1, 600, 6, 36), -- Preparación para la temporada de lluvias (Mantenimiento)
('Camión cisterna', 2, 1500, 6, 28), -- Verificación de sistemas de riego (Mantenimiento)
('Sistema de climatización de invernaderos', 1, 800, 7, 37), -- Establecimiento de un programa de compostaje (Agrícola)
('Barredora industrial', 1, 400, 11, 7), -- Limpieza de establos (Pecuario)
('Sistema de monitoreo de animales', 1, 500, 7, 35), -- Evaluación de bienestar animal (Pecuario)
('Cosechadora de arroz', 1, 900, 1, 18), -- Cosecha de arroz (Agrícola)
('Cultivador de 5 surcos', 2, 700, 2, 29), -- Cosecha de legumbres (Agrícola)
('Tractor New Holland', 2, 1300, 1, 1); -- Preparar terreno (Agrícola)





INSERT INTO finca.empleados_maquinaria (idMaquinaria, idEmpleado) VALUES (1, 1);
INSERT INTO finca.empleados_maquinaria (idMaquinaria, idEmpleado) VALUES (2, 2);
INSERT INTO finca.empleados_maquinaria (idMaquinaria, idEmpleado) VALUES (3, 3);
INSERT INTO finca.empleados_maquinaria (idMaquinaria, idEmpleado) VALUES (4, 4);
INSERT INTO finca.empleados_maquinaria (idMaquinaria, idEmpleado) VALUES (5, 5);
INSERT INTO finca.empleados_maquinaria (idMaquinaria, idEmpleado) VALUES (6, 6);
INSERT INTO finca.empleados_maquinaria (idMaquinaria, idEmpleado) VALUES (7, 7);
INSERT INTO finca.empleados_maquinaria (idMaquinaria, idEmpleado) VALUES (8, 8);
INSERT INTO finca.empleados_maquinaria (idMaquinaria, idEmpleado) VALUES (9, 9);
INSERT INTO finca.empleados_maquinaria (idMaquinaria, idEmpleado) VALUES (10, 10);
INSERT INTO finca.empleados_maquinaria (idMaquinaria, idEmpleado) VALUES (11, 11);
INSERT INTO finca.empleados_maquinaria (idMaquinaria, idEmpleado) VALUES (12, 12);
INSERT INTO finca.empleados_maquinaria (idMaquinaria, idEmpleado) VALUES (13, 13);
INSERT INTO finca.empleados_maquinaria (idMaquinaria, idEmpleado) VALUES (14, 14);
INSERT INTO finca.empleados_maquinaria (idMaquinaria, idEmpleado) VALUES (15, 15);
INSERT INTO finca.empleados_maquinaria (idMaquinaria, idEmpleado) VALUES (16, 16);
INSERT INTO finca.empleados_maquinaria (idMaquinaria, idEmpleado) VALUES (17, 17);
INSERT INTO finca.empleados_maquinaria (idMaquinaria, idEmpleado) VALUES (18, 18);
INSERT INTO finca.empleados_maquinaria (idMaquinaria, idEmpleado) VALUES (19, 19);
INSERT INTO finca.empleados_maquinaria (idMaquinaria, idEmpleado) VALUES (20, 20);
INSERT INTO finca.empleados_maquinaria (idMaquinaria, idEmpleado) VALUES (21, 21);
INSERT INTO finca.empleados_maquinaria (idMaquinaria, idEmpleado) VALUES (22, 22);
INSERT INTO finca.empleados_maquinaria (idMaquinaria, idEmpleado) VALUES (23, 23);
INSERT INTO finca.empleados_maquinaria (idMaquinaria, idEmpleado) VALUES (24, 24);
INSERT INTO finca.empleados_maquinaria (idMaquinaria, idEmpleado) VALUES (25, 25);
INSERT INTO finca.empleados_maquinaria (idMaquinaria, idEmpleado) VALUES (26, 26);
INSERT INTO finca.empleados_maquinaria (idMaquinaria, idEmpleado) VALUES (27, 27);
INSERT INTO finca.empleados_maquinaria (idMaquinaria, idEmpleado) VALUES (28, 28);
INSERT INTO finca.empleados_maquinaria (idMaquinaria, idEmpleado) VALUES (29, 29);
INSERT INTO finca.empleados_maquinaria (idMaquinaria, idEmpleado) VALUES (30, 30);
INSERT INTO finca.empleados_maquinaria (idMaquinaria, idEmpleado) VALUES (31, 31);
INSERT INTO finca.empleados_maquinaria (idMaquinaria, idEmpleado) VALUES (32, 32);
INSERT INTO finca.empleados_maquinaria (idMaquinaria, idEmpleado) VALUES (33, 33);
INSERT INTO finca.empleados_maquinaria (idMaquinaria, idEmpleado) VALUES (34, 34);
INSERT INTO finca.empleados_maquinaria (idMaquinaria, idEmpleado) VALUES (35, 35);
INSERT INTO finca.empleados_maquinaria (idMaquinaria, idEmpleado) VALUES (36, 36);
INSERT INTO finca.empleados_maquinaria (idMaquinaria, idEmpleado) VALUES (37, 37);
INSERT INTO finca.empleados_maquinaria (idMaquinaria, idEmpleado) VALUES (38, 38);
INSERT INTO finca.empleados_maquinaria (idMaquinaria, idEmpleado) VALUES (39, 39);
INSERT INTO finca.empleados_maquinaria (idMaquinaria, idEmpleado) VALUES (40, 40);
INSERT INTO finca.empleados_maquinaria (idMaquinaria, idEmpleado) VALUES (41, 41);
INSERT INTO finca.empleados_maquinaria (idMaquinaria, idEmpleado) VALUES (42, 42);
INSERT INTO finca.empleados_maquinaria (idMaquinaria, idEmpleado) VALUES (43, 43);
INSERT INTO finca.empleados_maquinaria (idMaquinaria, idEmpleado) VALUES (44, 44);
INSERT INTO finca.empleados_maquinaria (idMaquinaria, idEmpleado) VALUES (45, 45);
INSERT INTO finca.empleados_maquinaria (idMaquinaria, idEmpleado) VALUES (46, 46);
INSERT INTO finca.empleados_maquinaria (idMaquinaria, idEmpleado) VALUES (47, 47);
INSERT INTO finca.empleados_maquinaria (idMaquinaria, idEmpleado) VALUES (48, 48);
INSERT INTO finca.empleados_maquinaria (idMaquinaria, idEmpleado) VALUES (49, 49);
INSERT INTO finca.empleados_maquinaria (idMaquinaria, idEmpleado) VALUES (50, 50);


INSERT INTO finca.herramientas (Nombre, Cantidad, Ubicacion, Estado, Fecha_Adquisicion) VALUES
('Azadón', 15, 'Almacén Central', 'Bueno', '2022-01-15'),
('Pala', 20, 'Bodega Norte', 'Bueno', '2022-03-01'),
('Rastrillo', 10, 'Bodega Sur', 'Regular', '2021-07-20'),
('Machete', 25, 'Almacén Central', 'Bueno', '2023-02-10'),
('Carretilla', 8, 'Zona de Talleres', 'Bueno', '2020-10-05'),
('Hacha', 12, 'Bodega Norte', 'Bueno', '2021-06-15'),
('Cortadora de Césped', 5, 'Almacén Central', 'Reparación', '2019-12-12'),
('Tijeras de podar', 30, 'Bodega Sur', 'Bueno', '2022-11-30'),
('Desbrozadora', 6, 'Zona de Talleres', 'Bueno', '2021-08-25'),
('Llave inglesa', 40, 'Almacén Central', 'Bueno', '2023-04-10'),
('Martillo', 35, 'Bodega Norte', 'Bueno', '2022-06-15'),
('Taladro eléctrico', 10, 'Zona de Talleres', 'Reparación', '2020-09-05'),
('Cinta métrica', 50, 'Bodega Sur', 'Bueno', '2023-05-10'),
('Destornillador', 45, 'Almacén Central', 'Bueno', '2021-12-22'),
('Sierra manual', 18, 'Bodega Norte', 'Regular', '2020-07-25'),
('Escalera de mano', 7, 'Zona de Talleres', 'Bueno', '2021-03-30'),
('Regadera', 20, 'Almacén Central', 'Bueno', '2023-01-19'),
('Pulverizador', 10, 'Bodega Sur', 'Bueno', '2022-04-01'),
('Llave de tubo', 12, 'Zona de Talleres', 'Bueno', '2020-11-14'),
('Nivel de burbuja', 25, 'Bodega Norte', 'Bueno', '2023-03-12'),
('Sierra eléctrica', 5, 'Almacén Central', 'Reparación', '2019-10-18'),
('Lijadora', 8, 'Bodega Sur', 'Bueno', '2022-05-23'),
('Cincel', 15, 'Zona de Talleres', 'Bueno', '2021-01-11'),
('Barreta', 12, 'Almacén Central', 'Bueno', '2022-08-17'),
('Manguera de jardín', 20, 'Bodega Norte', 'Bueno', '2023-02-05'),
('Compresor de aire', 3, 'Zona de Talleres', 'Reparación', '2020-06-21'),
('Pulidora', 10, 'Almacén Central', 'Bueno', '2021-11-15'),
('Cepillo de carpintero', 18, 'Bodega Sur', 'Bueno', '2022-09-05'),
('Llave Allen', 30, 'Almacén Central', 'Bueno', '2023-06-20'),
('Escoba de jardín', 22, 'Bodega Norte', 'Bueno', '2021-04-22'),
('Pico', 14, 'Zona de Talleres', 'Bueno', '2022-02-11'),
('Serrucho', 18, 'Almacén Central', 'Regular', '2020-12-25'),
('Tornillo de banco', 5, 'Bodega Sur', 'Bueno', '2023-04-18'),
('Alicates', 40, 'Bodega Norte', 'Bueno', '2021-08-01'),
('Nivel láser', 6, 'Zona de Talleres', 'Reparación', '2021-07-19'),
('Carro de mano', 7, 'Almacén Central', 'Bueno', '2022-11-05'),
('Guadaña', 8, 'Bodega Sur', 'Bueno', '2020-05-30'),
('Soplete', 5, 'Zona de Talleres', 'Bueno', '2021-06-20'),
('Prensa de banco', 4, 'Bodega Norte', 'Bueno', '2022-03-25'),
('Sierra circular', 5, 'Almacén Central', 'Reparación', '2019-11-30'),
('Multímetro', 10, 'Bodega Sur', 'Bueno', '2021-09-15'),
('Cuchilla', 50, 'Bodega Norte', 'Bueno', '2023-07-08'),
('Clavadora', 12, 'Almacén Central', 'Bueno', '2022-07-02'),
('Sargento de carpintero', 10, 'Bodega Sur', 'Bueno', '2020-08-12'),
('Cuerda de amarre', 25, 'Zona de Talleres', 'Bueno', '2023-02-27'),
('Pintura en aerosol', 50, 'Almacén Central', 'Bueno', '2021-10-05'),
('Termómetro de suelo', 5, 'Bodega Norte', 'Bueno', '2023-03-18'),
('Medidor de humedad', 8, 'Bodega Sur', 'Bueno', '2021-12-08'),
('Pinzas de presión', 15, 'Almacén Central', 'Bueno', '2020-04-22');

INSERT INTO finca.ventas (Fecha, Total, idEmpleado, idCliente) VALUES
('2024-01-05', 350000.50, 1, 1),
('2024-01-10', 275000.75, 2, 3),
('2024-01-15', 180000.00, 3, 2),
('2024-01-20', 120000.50, 4, 5),
('2024-01-25', 500000.00, 5, 4),
('2024-01-30', 600000.80, 6, 1),
('2024-02-05', 450000.25, 7, 2),
('2024-02-10', 370000.00, 8, 3),
('2024-02-15', 220000.90, 9, 5),
('2024-02-20', 150000.00, 10, 4),
('2024-02-25', 320000.50, 1, 1),
('2024-03-01', 400000.75, 2, 2),
('2024-03-05', 550000.60, 3, 3),
('2024-03-10', 480000.30, 4, 5),
('2024-03-15', 600000.00, 5, 4),
('2024-03-20', 500000.00, 6, 1),
('2024-03-25', 750000.20, 7, 2),
('2024-03-30', 620000.70, 8, 3),
('2024-04-05', 420000.50, 9, 5),
('2024-04-10', 200000.00, 10, 4),
('2024-04-15', 320000.75, 1, 2),
('2024-04-20', 450000.30, 2, 3),
('2024-04-25', 550000.00, 3, 1),
('2024-04-30', 400000.50, 4, 5),
('2024-05-05', 700000.75, 5, 4),
('2024-05-10', 820000.25, 6, 2),
('2024-05-15', 480000.00, 7, 3),
('2024-05-20', 300000.40, 8, 1),
('2024-05-25', 620000.50, 9, 5),
('2024-05-30', 150000.00, 10, 4),
('2024-06-05', 180000.50, 1, 1),
('2024-06-10', 225000.75, 2, 2),
('2024-06-15', 340000.00, 3, 3),
('2024-06-20', 270000.30, 4, 5),
('2024-06-25', 600000.00, 5, 4),
('2024-06-30', 500000.50, 6, 1),
('2024-07-05', 750000.75, 7, 2),
('2024-07-10', 620000.20, 8, 3),
('2024-07-15', 420000.30, 9, 5),
('2024-07-20', 210000.00, 10, 4),
('2024-07-25', 300000.50, 1, 1),
('2024-07-30', 550000.70, 2, 3),
('2024-08-05', 720000.40, 3, 2),
('2024-08-10', 370000.00, 4, 5),
('2024-08-15', 800000.25, 5, 4),
('2024-08-20', 900000.50, 6, 1),
('2024-08-25', 420000.00, 7, 2),
('2024-08-30', 670000.70, 8, 3),
('2024-09-05', 200000.50, 9, 5);


INSERT INTO finca.historial_ventas (Fecha, idVenta) VALUES ('2024-01-05', 1);
INSERT INTO finca.historial_ventas (Fecha, idVenta) VALUES ('2024-01-10', 2);
INSERT INTO finca.historial_ventas (Fecha, idVenta) VALUES ('2024-01-15', 3);
INSERT INTO finca.historial_ventas (Fecha, idVenta) VALUES ('2024-01-20', 4);
INSERT INTO finca.historial_ventas (Fecha, idVenta) VALUES ('2024-01-25', 5);
INSERT INTO finca.historial_ventas (Fecha, idVenta) VALUES ('2024-02-01', 6);
INSERT INTO finca.historial_ventas (Fecha, idVenta) VALUES ('2024-02-05', 7);
INSERT INTO finca.historial_ventas (Fecha, idVenta) VALUES ('2024-02-10', 8);
INSERT INTO finca.historial_ventas (Fecha, idVenta) VALUES ('2024-02-15', 9);
INSERT INTO finca.historial_ventas (Fecha, idVenta) VALUES ('2024-02-20', 10);
INSERT INTO finca.historial_ventas (Fecha, idVenta) VALUES ('2024-02-25', 11);
INSERT INTO finca.historial_ventas (Fecha, idVenta) VALUES ('2024-03-01', 12);
INSERT INTO finca.historial_ventas (Fecha, idVenta) VALUES ('2024-03-05', 13);
INSERT INTO finca.historial_ventas (Fecha, idVenta) VALUES ('2024-03-10', 14);
INSERT INTO finca.historial_ventas (Fecha, idVenta) VALUES ('2024-03-15', 15);
INSERT INTO finca.historial_ventas (Fecha, idVenta) VALUES ('2024-03-20', 16);
INSERT INTO finca.historial_ventas (Fecha, idVenta) VALUES ('2024-03-25', 17);
INSERT INTO finca.historial_ventas (Fecha, idVenta) VALUES ('2024-04-01', 18);
INSERT INTO finca.historial_ventas (Fecha, idVenta) VALUES ('2024-04-05', 19);
INSERT INTO finca.historial_ventas (Fecha, idVenta) VALUES ('2024-04-10', 20);
INSERT INTO finca.historial_ventas (Fecha, idVenta) VALUES ('2024-04-15', 21);
INSERT INTO finca.historial_ventas (Fecha, idVenta) VALUES ('2024-04-20', 22);
INSERT INTO finca.historial_ventas (Fecha, idVenta) VALUES ('2024-04-25', 23);
INSERT INTO finca.historial_ventas (Fecha, idVenta) VALUES ('2024-05-01', 24);
INSERT INTO finca.historial_ventas (Fecha, idVenta) VALUES ('2024-05-05', 25);
INSERT INTO finca.historial_ventas (Fecha, idVenta) VALUES ('2024-05-10', 26);
INSERT INTO finca.historial_ventas (Fecha, idVenta) VALUES ('2024-05-15', 27);
INSERT INTO finca.historial_ventas (Fecha, idVenta) VALUES ('2024-05-20', 28);
INSERT INTO finca.historial_ventas (Fecha, idVenta) VALUES ('2024-05-25', 29);
INSERT INTO finca.historial_ventas (Fecha, idVenta) VALUES ('2024-06-01', 30);
INSERT INTO finca.historial_ventas (Fecha, idVenta) VALUES ('2024-06-05', 31);
INSERT INTO finca.historial_ventas (Fecha, idVenta) VALUES ('2024-06-10', 32);
INSERT INTO finca.historial_ventas (Fecha, idVenta) VALUES ('2024-06-15', 33);
INSERT INTO finca.historial_ventas (Fecha, idVenta) VALUES ('2024-06-20', 34);
INSERT INTO finca.historial_ventas (Fecha, idVenta) VALUES ('2024-06-25', 35);
INSERT INTO finca.historial_ventas (Fecha, idVenta) VALUES ('2024-07-01', 36);
INSERT INTO finca.historial_ventas (Fecha, idVenta) VALUES ('2024-07-05', 37);
INSERT INTO finca.historial_ventas (Fecha, idVenta) VALUES ('2024-07-10', 38);
INSERT INTO finca.historial_ventas (Fecha, idVenta) VALUES ('2024-07-15', 39);
INSERT INTO finca.historial_ventas (Fecha, idVenta) VALUES ('2024-07-20', 40);
INSERT INTO finca.historial_ventas (Fecha, idVenta) VALUES ('2024-07-25', 41);
INSERT INTO finca.historial_ventas (Fecha, idVenta) VALUES ('2024-08-01', 42);
INSERT INTO finca.historial_ventas (Fecha, idVenta) VALUES ('2024-08-05', 43);
INSERT INTO finca.historial_ventas (Fecha, idVenta) VALUES ('2024-08-10', 44);
INSERT INTO finca.historial_ventas (Fecha, idVenta) VALUES ('2024-08-15', 45);
INSERT INTO finca.historial_ventas (Fecha, idVenta) VALUES ('2024-08-20', 46);
INSERT INTO finca.historial_ventas (Fecha, idVenta) VALUES ('2024-08-25', 47);
INSERT INTO finca.historial_ventas (Fecha, idVenta) VALUES ('2024-09-01', 48);
INSERT INTO finca.historial_ventas (Fecha, idVenta) VALUES ('2024-09-05', 49);
INSERT INTO finca.historial_ventas (Fecha, idVenta) VALUES ('2024-09-10', 48);

INSERT INTO finca.inventario_herramientas (Cantidad, Estado, Fecha, idHerramienta) VALUES (10, 'Nuevo', '2024-01-01', 1);
INSERT INTO finca.inventario_herramientas (Cantidad, Estado, Fecha, idHerramienta) VALUES (8, 'Usado', '2024-01-05', 2);
INSERT INTO finca.inventario_herramientas (Cantidad, Estado, Fecha, idHerramienta) VALUES (15, 'Nuevo', '2024-01-10', 3);
INSERT INTO finca.inventario_herramientas (Cantidad, Estado, Fecha, idHerramienta) VALUES (12, 'Reparado', '2024-01-15', 4);
INSERT INTO finca.inventario_herramientas (Cantidad, Estado, Fecha, idHerramienta) VALUES (9, 'Usado', '2024-01-20', 5);
INSERT INTO finca.inventario_herramientas (Cantidad, Estado, Fecha, idHerramienta) VALUES (7, 'Dañado', '2024-01-25', 6);
INSERT INTO finca.inventario_herramientas (Cantidad, Estado, Fecha, idHerramienta) VALUES (5, 'Nuevo', '2024-02-01', 7);
INSERT INTO finca.inventario_herramientas (Cantidad, Estado, Fecha, idHerramienta) VALUES (20, 'Usado', '2024-02-05', 8);
INSERT INTO finca.inventario_herramientas (Cantidad, Estado, Fecha, idHerramienta) VALUES (18, 'Reparado', '2024-02-10', 9);
INSERT INTO finca.inventario_herramientas (Cantidad, Estado, Fecha, idHerramienta) VALUES (10, 'Nuevo', '2024-02-15', 10);
INSERT INTO finca.inventario_herramientas (Cantidad, Estado, Fecha, idHerramienta) VALUES (14, 'Dañado', '2024-02-20', 11);
INSERT INTO finca.inventario_herramientas (Cantidad, Estado, Fecha, idHerramienta) VALUES (12, 'Nuevo', '2024-02-25', 12);
INSERT INTO finca.inventario_herramientas (Cantidad, Estado, Fecha, idHerramienta) VALUES (6, 'Usado', '2024-03-01', 13);
INSERT INTO finca.inventario_herramientas (Cantidad, Estado, Fecha, idHerramienta) VALUES (11, 'Reparado', '2024-03-05', 14);
INSERT INTO finca.inventario_herramientas (Cantidad, Estado, Fecha, idHerramienta) VALUES (9, 'Nuevo', '2024-03-10', 15);
INSERT INTO finca.inventario_herramientas (Cantidad, Estado, Fecha, idHerramienta) VALUES (7, 'Dañado', '2024-03-15', 16);
INSERT INTO finca.inventario_herramientas (Cantidad, Estado, Fecha, idHerramienta) VALUES (5, 'Usado', '2024-03-20', 17);
INSERT INTO finca.inventario_herramientas (Cantidad, Estado, Fecha, idHerramienta) VALUES (16, 'Nuevo', '2024-03-25', 18);
INSERT INTO finca.inventario_herramientas (Cantidad, Estado, Fecha, idHerramienta) VALUES (14, 'Reparado', '2024-04-01', 19);
INSERT INTO finca.inventario_herramientas (Cantidad, Estado, Fecha, idHerramienta) VALUES (12, 'Nuevo', '2024-04-05', 20);
INSERT INTO finca.inventario_herramientas (Cantidad, Estado, Fecha, idHerramienta) VALUES (20, 'Dañado', '2024-04-10', 21);
INSERT INTO finca.inventario_herramientas (Cantidad, Estado, Fecha, idHerramienta) VALUES (18, 'Usado', '2024-04-15', 22);
INSERT INTO finca.inventario_herramientas (Cantidad, Estado, Fecha, idHerramienta) VALUES (8, 'Nuevo', '2024-04-20', 23);
INSERT INTO finca.inventario_herramientas (Cantidad, Estado, Fecha, idHerramienta) VALUES (6, 'Reparado', '2024-04-25', 24);
INSERT INTO finca.inventario_herramientas (Cantidad, Estado, Fecha, idHerramienta) VALUES (14, 'Usado', '2024-05-01', 25);
INSERT INTO finca.inventario_herramientas (Cantidad, Estado, Fecha, idHerramienta) VALUES (10, 'Nuevo', '2024-05-05', 26);
INSERT INTO finca.inventario_herramientas (Cantidad, Estado, Fecha, idHerramienta) VALUES (16, 'Reparado', '2024-05-10', 27);
INSERT INTO finca.inventario_herramientas (Cantidad, Estado, Fecha, idHerramienta) VALUES (9, 'Dañado', '2024-05-15', 28);
INSERT INTO finca.inventario_herramientas (Cantidad, Estado, Fecha, idHerramienta) VALUES (5, 'Nuevo', '2024-05-20', 29);
INSERT INTO finca.inventario_herramientas (Cantidad, Estado, Fecha, idHerramienta) VALUES (12, 'Usado', '2024-05-25', 30);
INSERT INTO finca.inventario_herramientas (Cantidad, Estado, Fecha, idHerramienta) VALUES (7, 'Reparado', '2024-06-01', 31);
INSERT INTO finca.inventario_herramientas (Cantidad, Estado, Fecha, idHerramienta) VALUES (20, 'Nuevo', '2024-06-05', 32);
INSERT INTO finca.inventario_herramientas (Cantidad, Estado, Fecha, idHerramienta) VALUES (18, 'Dañado', '2024-06-10', 33);
INSERT INTO finca.inventario_herramientas (Cantidad, Estado, Fecha, idHerramienta) VALUES (10, 'Nuevo', '2024-06-15', 34);
INSERT INTO finca.inventario_herramientas (Cantidad, Estado, Fecha, idHerramienta) VALUES (15, 'Reparado', '2024-06-20', 35);
INSERT INTO finca.inventario_herramientas (Cantidad, Estado, Fecha, idHerramienta) VALUES (8, 'Usado', '2024-06-25', 36);
INSERT INTO finca.inventario_herramientas (Cantidad, Estado, Fecha, idHerramienta) VALUES (12, 'Nuevo', '2024-07-01', 37);
INSERT INTO finca.inventario_herramientas (Cantidad, Estado, Fecha, idHerramienta) VALUES (14, 'Reparado', '2024-07-05', 38);
INSERT INTO finca.inventario_herramientas (Cantidad, Estado, Fecha, idHerramienta) VALUES (7, 'Dañado', '2024-07-10', 39);
INSERT INTO finca.inventario_herramientas (Cantidad, Estado, Fecha, idHerramienta) VALUES (16, 'Nuevo', '2024-07-15', 40);
INSERT INTO finca.inventario_herramientas (Cantidad, Estado, Fecha, idHerramienta) VALUES (11, 'Usado', '2024-07-20', 41);
INSERT INTO finca.inventario_herramientas (Cantidad, Estado, Fecha, idHerramienta) VALUES (6, 'Reparado', '2024-07-25', 42);
INSERT INTO finca.inventario_herramientas (Cantidad, Estado, Fecha, idHerramienta) VALUES (19, 'Nuevo', '2024-08-01', 43);
INSERT INTO finca.inventario_herramientas (Cantidad, Estado, Fecha, idHerramienta) VALUES (17, 'Dañado', '2024-08-05', 44);
INSERT INTO finca.inventario_herramientas (Cantidad, Estado, Fecha, idHerramienta) VALUES (9, 'Reparado', '2024-08-10', 45);
INSERT INTO finca.inventario_herramientas (Cantidad, Estado, Fecha, idHerramienta) VALUES (7, 'Usado', '2024-08-15', 46);
INSERT INTO finca.inventario_herramientas (Cantidad, Estado, Fecha, idHerramienta) VALUES (13, 'Nuevo', '2024-08-20', 47);
INSERT INTO finca.inventario_herramientas (Cantidad, Estado, Fecha, idHerramienta) VALUES (15, 'Reparado', '2024-08-25', 48);
INSERT INTO finca.inventario_herramientas (Cantidad, Estado, Fecha, idHerramienta) VALUES (12, 'Dañado', '2024-09-01', 49);
INSERT INTO finca.inventario_herramientas (Cantidad, Estado, Fecha, idHerramienta) VALUES (18, 'Nuevo', '2024-09-05', 47);

INSERT INTO `finca`.`inventario_maquinaria` (Cantidad, Estado, Fecha, idMaquinaria) VALUES 
(10, 'Operativo', '2024-01-15', 1),
(5, 'En reparación', '2024-02-03', 2),
(8, 'Operativo', '2024-02-10', 3),
(2, 'Fuera de servicio', '2024-02-20', 4),
(12, 'Operativo', '2024-03-01', 5),
(9, 'En reparación', '2024-03-05', 1),
(7, 'Operativo', '2024-03-15', 2),
(11, 'Operativo', '2024-03-18', 3),
(6, 'Fuera de servicio', '2024-03-25', 4),
(3, 'En reparación', '2024-03-28', 5),
(4, 'Operativo', '2024-04-01', 1),
(10, 'En reparación', '2024-04-05', 2),
(9, 'Operativo', '2024-04-10', 3),
(5, 'Fuera de servicio', '2024-04-15', 4),
(12, 'En reparación', '2024-04-18', 5),
(8, 'Operativo', '2024-04-20', 1),
(7, 'En reparación', '2024-04-25', 2),
(6, 'Operativo', '2024-05-01', 3),
(10, 'Fuera de servicio', '2024-05-05', 4),
(3, 'Operativo', '2024-05-10', 5),
(11, 'En reparación', '2024-05-15', 1),
(9, 'Operativo', '2024-05-20', 2),
(12, 'Fuera de servicio', '2024-05-25', 3),
(8, 'En reparación', '2024-06-01', 4),
(7, 'Operativo', '2024-06-05', 5),
(10, 'Operativo', '2024-06-10', 1),
(5, 'En reparación', '2024-06-15', 2),
(9, 'Fuera de servicio', '2024-06-20', 3),
(6, 'Operativo', '2024-06-25', 4),
(4, 'En reparación', '2024-07-01', 5),
(12, 'Operativo', '2024-07-05', 1),
(3, 'En reparación', '2024-07-10', 2),
(11, 'Operativo', '2024-07-15', 3),
(7, 'Fuera de servicio', '2024-07-20', 4),
(5, 'Operativo', '2024-07-25', 5),
(9, 'En reparación', '2024-08-01', 1),
(10, 'Operativo', '2024-08-05', 2),
(8, 'Fuera de servicio', '2024-08-10', 3),
(6, 'En reparación', '2024-08-15', 4),
(12, 'Operativo', '2024-08-20', 5),
(4, 'Fuera de servicio', '2024-08-25', 1),
(3, 'Operativo', '2024-09-01', 2),
(11, 'En reparación', '2024-09-05', 3),
(7, 'Operativo', '2024-09-10', 4),
(5, 'Fuera de servicio', '2024-09-15', 5),
(10, 'Operativo', '2024-09-20', 1),
(8, 'En reparación', '2024-09-25', 2);

INSERT INTO `finca`.`terreno_pecuario` (Hectareas, Tipo, Estado) VALUES
(20, 'Ganadería', 'Operativo'),
(15, 'Agricultura', 'En mantenimiento'),
(30, 'Mixto', 'Operativo'),
(25, 'Ganadería', 'Inactivo'),
(18, 'Agricultura', 'Operativo'),
(22, 'Mixto', 'En mantenimiento'),
(12, 'Ganadería', 'Inactivo'),
(35, 'Agricultura', 'Operativo'),
(28, 'Mixto', 'Operativo'),
(10, 'Ganadería', 'En mantenimiento'),
(26, 'Agricultura', 'Inactivo'),
(40, 'Mixto', 'Operativo'),
(14, 'Ganadería', 'Operativo'),
(32, 'Agricultura', 'En mantenimiento'),
(24, 'Mixto', 'Inactivo'),
(19, 'Ganadería', 'Operativo'),
(38, 'Agricultura', 'En mantenimiento'),
(27, 'Mixto', 'Operativo'),
(16, 'Ganadería', 'Inactivo'),
(34, 'Agricultura', 'Operativo'),
(29, 'Mixto', 'En mantenimiento'),
(23, 'Ganadería', 'Inactivo'),
(31, 'Agricultura', 'Operativo'),
(21, 'Mixto', 'Operativo'),
(17, 'Ganadería', 'En mantenimiento'),
(36, 'Agricultura', 'Inactivo'),
(33, 'Mixto', 'Operativo'),
(20, 'Ganadería', 'Operativo'),
(25, 'Agricultura', 'En mantenimiento'),
(30, 'Mixto', 'Inactivo'),
(19, 'Ganadería', 'Operativo'),
(22, 'Agricultura', 'Operativo'),
(12, 'Mixto', 'En mantenimiento'),
(35, 'Ganadería', 'Inactivo'),
(28, 'Agricultura', 'Operativo'),
(26, 'Mixto', 'Operativo'),
(40, 'Ganadería', 'En mantenimiento'),
(15, 'Agricultura', 'Inactivo'),
(32, 'Mixto', 'Operativo'),
(24, 'Ganadería', 'Operativo'),
(18, 'Agricultura', 'En mantenimiento'),
(38, 'Mixto', 'Inactivo'),
(27, 'Ganadería', 'Operativo'),
(16, 'Agricultura', 'Operativo'),
(34, 'Mixto', 'En mantenimiento'),
(29, 'Ganadería', 'Inactivo'),
(21, 'Agricultura', 'Operativo'),
(17, 'Mixto', 'Operativo'),
(36, 'Ganadería', 'En mantenimiento');

INSERT INTO `finca`.`pecuario` (Tipo, Cantidad, Estado_Salud, idTerreno_Pecuario) VALUES
('Ganado vacuno', 50, 'Saludable', 1),
('Ovejas', 120, 'Saludable', 2),
('Cerdos', 30, 'Enfermo', 3),
('Caballos', 10, 'Saludable', 4),
('Cabras', 40, 'Saludable', 5),
('Gallinas', 200, 'Enfermo', 6),
('Ganado vacuno', 60, 'Saludable', 7),
('Ovejas', 100, 'Saludable', 8),
('Cerdos', 25, 'Enfermo', 9),
('Caballos', 12, 'Saludable', 10),
('Cabras', 35, 'Enfermo', 11),
('Gallinas', 180, 'Saludable', 12),
('Ganado vacuno', 55, 'Saludable', 13),
('Ovejas', 110, 'Saludable', 14),
('Cerdos', 32, 'Enfermo', 15),
('Caballos', 9, 'Saludable', 16),
('Cabras', 45, 'Enfermo', 17),
('Gallinas', 210, 'Saludable', 18),
('Ganado vacuno', 65, 'Saludable', 19),
('Ovejas', 95, 'Enfermo', 20),
('Cerdos', 28, 'Saludable', 21),
('Caballos', 11, 'Saludable', 22),
('Cabras', 42, 'Enfermo', 23),
('Gallinas', 220, 'Saludable', 24),
('Ganado vacuno', 58, 'Enfermo', 25),
('Ovejas', 130, 'Saludable', 26),
('Cerdos', 29, 'Enfermo', 27),
('Caballos', 13, 'Saludable', 28),
('Cabras', 38, 'Enfermo', 29),
('Gallinas', 190, 'Saludable', 30),
('Ganado vacuno', 67, 'Saludable', 31),
('Ovejas', 90, 'Enfermo', 32),
('Cerdos', 31, 'Saludable', 33),
('Caballos', 14, 'Enfermo', 34),
('Cabras', 50, 'Saludable', 35),
('Gallinas', 230, 'Enfermo', 36),
('Ganado vacuno', 72, 'Saludable', 37),
('Ovejas', 85, 'Saludable', 38),
('Cerdos', 27, 'Enfermo', 39),
('Caballos', 8, 'Saludable', 40),
('Cabras', 47, 'Saludable', 41),
('Gallinas', 240, 'Enfermo', 42),
('Ganado vacuno', 64, 'Saludable', 43),
('Ovejas', 115, 'Saludable', 44),
('Cerdos', 34, 'Enfermo', 45),
('Caballos', 15, 'Saludable', 46),
('Cabras', 39, 'Saludable', 47),
('Gallinas', 225, 'Enfermo', 48),
('Ganado vacuno', 70, 'Saludable', 49),
('Ovejas', 125, 'Enfermo', 49);

INSERT INTO `finca`.`produccion` (Fecha, Cantidad, idAgricola, idPecuario) VALUES
('2024-01-15', 100, 1, 1),
('2024-01-20', 150, 2, 2),
('2024-01-25', 200, 3, 3),
('2024-02-01', 250, 4, 4),
('2024-02-05', 120, 5, 5),
('2024-02-10', 300, 6, 6),
('2024-02-15', 180, 7, 7),
('2024-02-20', 400, 8, 8),
('2024-02-25', 220, 9, 9),
('2024-03-01', 500, 10, 10),
('2024-03-05', 130, 11, 11),
('2024-03-10', 350, 12, 12),
('2024-03-15', 270, 13, 13),
('2024-03-20', 600, 14, 14),
('2024-03-25', 240, 15, 15),
('2024-04-01', 700, 16, 16),
('2024-04-05', 110, 17, 17),
('2024-04-10', 800, 18, 18),
('2024-04-15', 250, 19, 19),
('2024-04-20', 900, 20, 20),
('2024-04-25', 260, 21, 21),
('2024-05-01', 1000, 22, 22),
('2024-05-05', 270, 23, 23),
('2024-05-10', 1100, 24, 24),
('2024-05-15', 280, 25, 25),
('2024-05-20', 1200, 26, 26),
('2024-05-25', 290, 27, 27),
('2024-06-01', 1300, 28, 28),
('2024-06-05', 300, 29, 29),
('2024-06-10', 1400, 30, 30),
('2024-06-15', 310, 31, 31),
('2024-06-20', 1500, 32, 32),
('2024-06-25', 320, 33, 33),
('2024-07-01', 1600, 34, 34),
('2024-07-05', 330, 35, 35),
('2024-07-10', 1700, 36, 36),
('2024-07-15', 340, 37, 37),
('2024-07-20', 1800, 38, 38),
('2024-07-25', 350, 39, 39),
('2024-08-01', 1900, 40, 40),
('2024-08-05', 360, 41, 41),
('2024-08-10', 2000, 42, 42),
('2024-08-15', 370, 43, 43),
('2024-08-20', 2100, 44, 44),
('2024-08-25', 380, 45, 45),
('2024-09-01', 2200, 46, 46),
('2024-09-05', 390, 47, 47),
('2024-09-10', 2300, 48, 48),
('2024-09-15', 400, 49, 49),
('2024-09-20', 2400, 50, 50);

INSERT INTO `finca`.`tipo_productos` (Nombre) VALUES
('Lácteos'),
('Cereales'),
('Frutas'),
('Verduras'),
('Carne de res'),
('Carne de cerdo'),
('Huevos'),
('Pescado'),
('Mariscos'),
('Pollo'),
('Miel'),
('Granos'),
('Legumbres'),
('Tubérculos'),
('Vino'),
('Aceite de oliva'),
('Mantequilla'),
('Queso'),
('Yogur'),
('Café'),
('Té'),
('Cacao'),
('Harina'),
('Arroz'),
('Azúcar'),
('Sal'),
('Pimienta'),
('Especias'),
('Semillas'),
('Frutos secos'),
('Jugo de fruta'),
('Agua embotellada'),
('Refresco'),
('Cerveza'),
('Whisky'),
('Vodka'),
('Ron'),
('Licor'),
('Helados'),
('Chocolate'),
('Galletas'),
('Pan'),
('Pasteles'),
('Salsas'),
('Conservas'),
('Vinagre'),
('Aderezos'),
('Sopas'),
('Pastas'),
('Mermeladas'),
('Manteca de cerdo');

INSERT INTO `finca`.`productos` (Nombre, Estado, Precio, Cantidad_Disponible, CantidadLote, Unidad_Medida, Fecha_Vencimiento, idProduccion, idTipo) VALUES
('Leche Entera', 'Disponible', 20, 100, 10, 'Litros', '2024-12-01', 1, 1),
('Trigo', 'Disponible', 15, 200, 25, 'Kilogramos', '2025-01-15', 2, 2),
('Manzana', 'Disponible', 30, 300, 15, 'Kilogramos', '2024-11-10', 3, 3),
('Lechuga', 'Disponible', 10, 150, 5, 'Kilogramos', '2024-10-22', 4, 4),
('Carne de Res', 'Agotado', 50, 0, 20, 'Kilogramos', '2024-12-15', 5, 5),
('Carne de Cerdo', 'Disponible', 45, 120, 10, 'Kilogramos', '2024-11-25', 6, 6),
('Huevos', 'Disponible', 5, 400, 30, 'Unidades', '2025-02-01', 7, 7),
('Pescado', 'Disponible', 60, 180, 12, 'Kilogramos', '2024-11-30', 8, 8),
('Camarones', 'Disponible', 75, 220, 20, 'Kilogramos', '2024-12-10', 9, 9),
('Pollo', 'Disponible', 40, 300, 10, 'Kilogramos', '2024-12-05', 10, 10),
('Miel', 'Disponible', 25, 250, 15, 'Litros', '2025-03-20', 11, 11),
('Frijoles', 'Disponible', 12, 400, 50, 'Kilogramos', '2024-12-01', 12, 12),
('Papa', 'Disponible', 18, 320, 30, 'Kilogramos', '2024-11-25', 13, 13),
('Vino', 'Disponible', 100, 80, 5, 'Litros', '2026-01-15', 14, 14),
('Aceite de Oliva', 'Disponible', 85, 120, 10, 'Litros', '2025-02-10', 15, 15),
('Queso', 'Agotado', 60, 0, 8, 'Kilogramos', '2025-03-05', 16, 18),
('Yogur', 'Disponible', 35, 100, 5, 'Litros', '2024-12-10', 17, 19),
('Café', 'Disponible', 20, 500, 25, 'Kilogramos', '2024-11-20', 18, 20),
('Té', 'Disponible', 25, 150, 10, 'Kilogramos', '2025-01-10', 19, 21),
('Cacao', 'Disponible', 30, 200, 15, 'Kilogramos', '2025-02-01', 20, 22),
('Harina', 'Disponible', 10, 350, 20, 'Kilogramos', '2024-12-25', 21, 23),
('Arroz', 'Disponible', 8, 400, 25, 'Kilogramos', '2024-11-30', 22, 24),
('Azúcar', 'Disponible', 12, 450, 30, 'Kilogramos', '2025-01-05', 23, 25),
('Sal', 'Disponible', 5, 500, 40, 'Kilogramos', '2025-02-15', 24, 26),
('Pimienta', 'Disponible', 15, 200, 10, 'Kilogramos', '2025-03-01', 25, 27),
('Canela', 'Disponible', 18, 150, 5, 'Kilogramos', '2024-12-15', 26, 28),
('Ajonjolí', 'Disponible', 22, 300, 20, 'Kilogramos', '2025-01-25', 27, 29),
('Almendras', 'Disponible', 40, 180, 15, 'Kilogramos', '2024-11-20', 28, 30),
('Jugo de Naranja', 'Disponible', 10, 250, 20, 'Litros', '2025-02-20', 29, 31),
('Agua Embotellada', 'Disponible', 5, 1000, 50, 'Litros', '2025-03-05', 30, 32),
('Refresco de Cola', 'Disponible', 15, 400, 30, 'Litros', '2025-01-15', 31, 33),
('Cerveza', 'Disponible', 20, 350, 25, 'Litros', '2026-01-01', 32, 34),
('Whisky', 'Disponible', 150, 50, 5, 'Litros', '2026-12-01', 33, 35),
('Vodka', 'Disponible', 130, 60, 5, 'Litros', '2026-06-01', 34, 36),
('Ron', 'Disponible', 120, 70, 5, 'Litros', '2026-08-15', 35, 37),
('Licor de Café', 'Disponible', 100, 90, 5, 'Litros', '2026-04-20', 36, 38),
('Helado de Vainilla', 'Disponible', 25, 120, 10, 'Kilogramos', '2024-12-25', 37, 39),
('Chocolate', 'Disponible', 50, 180, 15, 'Kilogramos', '2025-02-05', 38, 40),
('Galletas de Avena', 'Disponible', 35, 200, 20, 'Kilogramos', '2025-03-15', 39, 41),
('Pan Integral', 'Disponible', 10, 300, 50, 'Kilogramos', '2024-11-30', 40, 42),
('Pastel de Chocolate', 'Disponible', 80, 100, 10, 'Kilogramos', '2025-01-20', 41, 43),
('Salsa de Tomate', 'Disponible', 15, 250, 30, 'Litros', '2025-02-25', 42, 44),
('Conservas de Durazno', 'Disponible', 25, 150, 20, 'Kilogramos', '2025-03-01', 43, 45),
('Vinagre de Manzana', 'Disponible', 10, 400, 50, 'Litros', '2025-04-01', 44, 46),
('Aderezo Ranch', 'Disponible', 20, 180, 10, 'Litros', '2025-02-10', 45, 47),
('Sopa de Verduras', 'Disponible', 12, 250, 25, 'Litros', '2024-12-20', 46, 48),
('Pasta de Trigo', 'Disponible', 20, 320, 40, 'Kilogramos', '2025-01-15', 47, 49),
('Mermelada de Fresa', 'Disponible', 25, 100, 15, 'Kilogramos', '2025-03-20', 48, 50),
('Manteca de Cerdo', 'Disponible', 30, 150, 20, 'Kilogramos', '2024-11-15', 49, 6),
('Yogur Natural', 'Disponible', 35, 120, 10, 'Litros', '2025-01-25', 50, 19);

INSERT INTO `finca`.`inventario_productos` (Cantidad, Estado, Fecha, idProducto, idVenta) VALUES
(100, 'Disponible', '2024-10-15', 1, 1),
(150, 'Disponible', '2024-10-16', 2, 2),
(200, 'Agotado', '2024-10-17', 3, 3),
(120, 'Disponible', '2024-10-18', 4, 4),
(80, 'Disponible', '2024-10-19', 5, 5),
(50, 'Agotado', '2024-10-20', 6, 6),
(60, 'Disponible', '2024-10-21', 7, 7),
(140, 'Disponible', '2024-10-22', 8, 8),
(90, 'Disponible', '2024-10-23', 9, 9),
(75, 'Disponible', '2024-10-24', 10, 10),
(110, 'Disponible', '2024-10-25', 11, 11),
(130, 'Agotado', '2024-10-26', 12, 12),
(85, 'Disponible', '2024-10-27', 13, 13),
(95, 'Disponible', '2024-10-28', 14, 14),
(180, 'Disponible', '2024-10-29', 15, 15),
(140, 'Disponible', '2024-10-30', 16, 16),
(50, 'Disponible', '2024-10-31', 17, 17),
(100, 'Agotado', '2024-11-01', 18, 18),
(65, 'Disponible', '2024-11-02', 19, 19),
(90, 'Disponible', '2024-11-03', 20, 20),
(70, 'Disponible', '2024-11-04', 21, 21),
(80, 'Agotado', '2024-11-05', 22, 22),
(140, 'Disponible', '2024-11-06', 23, 23),
(170, 'Disponible', '2024-11-07', 24, 24),
(150, 'Disponible', '2024-11-08', 25, 25),
(60, 'Disponible', '2024-11-09', 26, 26),
(100, 'Disponible', '2024-11-10', 27, 27),
(180, 'Disponible', '2024-11-11', 28, 28),
(120, 'Disponible', '2024-11-12', 29, 29),
(140, 'Disponible', '2024-11-13', 30, 30),
(160, 'Disponible', '2024-11-14', 31, 31),
(190, 'Agotado', '2024-11-15', 32, 32),
(130, 'Disponible', '2024-11-16', 33, 33),
(50, 'Disponible', '2024-11-17', 34, 34),
(170, 'Disponible', '2024-11-18', 35, 35),
(70, 'Disponible', '2024-11-19', 36, 36),
(90, 'Disponible', '2024-11-20', 37, 37),
(110, 'Disponible', '2024-11-21', 38, 38),
(75, 'Disponible', '2024-11-22', 39, 39),
(120, 'Agotado', '2024-11-23', 40, 40),
(100, 'Disponible', '2024-11-24', 41, 41),
(150, 'Disponible', '2024-11-25', 42, 42),
(180, 'Disponible', '2024-11-26', 43, 43),
(60, 'Disponible', '2024-11-27', 44, 44),
(80, 'Disponible', '2024-11-28', 45, 45),
(110, 'Disponible', '2024-11-29', 46, 46),
(130, 'Agotado', '2024-11-30', 47, 47),
(140, 'Disponible', '2024-12-01', 48, 48),
(90, 'Disponible', '2024-12-02', 44, 44),
(160, 'Disponible', '2024-12-03', 47, 47);

INSERT INTO `finca`.`mantenimiento_maquinaria` (Fecha, idTipo_Maquinaria, idMaquinaria) VALUES
('2024-10-01', 1, 1),
('2024-10-02', 2, 2),
('2024-10-03', 3, 3),
('2024-10-04', 4, 4),
('2024-10-05', 5, 5),
('2024-10-06', 1, 6),
('2024-10-07', 2, 7),
('2024-10-08', 3, 8),
('2024-10-09', 4, 9),
('2024-10-10', 5, 10),
('2024-10-11', 1, 11),
('2024-10-12', 2, 12),
('2024-10-13', 3, 13),
('2024-10-14', 4, 14),
('2024-10-15', 5, 15),
('2024-10-16', 1, 16),
('2024-10-17', 2, 17),
('2024-10-18', 3, 18),
('2024-10-19', 4, 19),
('2024-10-20', 5, 20),
('2024-10-21', 1, 21),
('2024-10-22', 2, 22),
('2024-10-23', 3, 23),
('2024-10-24', 4, 24),
('2024-10-25', 5, 25),
('2024-10-26', 1, 26),
('2024-10-27', 2, 27),
('2024-10-28', 3, 28),
('2024-10-29', 4, 29),
('2024-10-30', 5, 30),
('2024-10-31', 1, 31),
('2024-11-01', 2, 32),
('2024-11-02', 3, 33),
('2024-11-03', 4, 34),
('2024-11-04', 5, 35),
('2024-11-05', 1, 36),
('2024-11-06', 2, 37),
('2024-11-07', 3, 38),
('2024-11-08', 4, 39),
('2024-11-09', 5, 40),
('2024-11-10', 1, 41),
('2024-11-11', 2, 42),
('2024-11-12', 3, 43),
('2024-11-13', 4, 44),
('2024-11-14', 5, 45),
('2024-11-15', 1, 44),
('2024-11-16', 2, 44),
('2024-11-17', 3, 43),
('2024-11-18', 4, 42),
('2024-11-19', 5, 40);

INSERT INTO `finca`.`mantenimiento_herramientas` (Fecha, Tipo, idHerramienta) VALUES
('2024-10-01', 'Reparación', 1),
('2024-10-02', 'Mantenimiento Preventivo', 2),
('2024-10-03', 'Reparación', 3),
('2024-10-04', 'Reparación', 4),
('2024-10-05', 'Mantenimiento Preventivo', 5),
('2024-10-06', 'Mantenimiento Preventivo', 6),
('2024-10-07', 'Reparación', 7),
('2024-10-08', 'Reparación', 8),
('2024-10-09', 'Mantenimiento Preventivo', 9),
('2024-10-10', 'Reparación', 10),
('2024-10-11', 'Mantenimiento Preventivo', 11),
('2024-10-12', 'Reparación', 12),
('2024-10-13', 'Mantenimiento Preventivo', 13),
('2024-10-14', 'Reparación', 14),
('2024-10-15', 'Reparación', 15),
('2024-10-16', 'Mantenimiento Preventivo', 16),
('2024-10-17', 'Reparación', 17),
('2024-10-18', 'Reparación', 18),
('2024-10-19', 'Mantenimiento Preventivo', 19),
('2024-10-20', 'Reparación', 20),
('2024-10-21', 'Mantenimiento Preventivo', 21),
('2024-10-22', 'Reparación', 22),
('2024-10-23', 'Reparación', 23),
('2024-10-24', 'Mantenimiento Preventivo', 24),
('2024-10-25', 'Reparación', 25),
('2024-10-26', 'Mantenimiento Preventivo', 26),
('2024-10-27', 'Reparación', 27),
('2024-10-28', 'Mantenimiento Preventivo', 28),
('2024-10-29', 'Reparación', 29),
('2024-10-30', 'Mantenimiento Preventivo', 30),
('2024-10-31', 'Reparación', 31),
('2024-11-01', 'Mantenimiento Preventivo', 32),
('2024-11-02', 'Reparación', 33),
('2024-11-03', 'Mantenimiento Preventivo', 34),
('2024-11-04', 'Reparación', 35),
('2024-11-05', 'Mantenimiento Preventivo', 36),
('2024-11-06', 'Reparación', 37),
('2024-11-07', 'Mantenimiento Preventivo', 38),
('2024-11-08', 'Reparación', 39),
('2024-11-09', 'Mantenimiento Preventivo', 40),
('2024-11-10', 'Reparación', 41),
('2024-11-11', 'Mantenimiento Preventivo', 42),
('2024-11-12', 'Reparación', 43),
('2024-11-13', 'Mantenimiento Preventivo', 44),
('2024-11-14', 'Reparación', 45),
('2024-11-15', 'Mantenimiento Preventivo', 46),
('2024-11-16', 'Reparación', 47),
('2024-11-17', 'Mantenimiento Preventivo', 48),
('2024-11-18', 'Reparación', 49),
('2024-11-19', 'Mantenimiento Preventivo', 49);

INSERT INTO `finca`.`proveedores` (Nombre, Fecha_uso_servcios, Telefono) VALUES
('Proveedor A', '2024-01-01', 12345678),
('Proveedor B', '2024-01-05', 98765432),
('Proveedor C', '2024-01-10', 11223344),
('Proveedor D', '2024-01-15', 55667788),
('Proveedor E', '2024-01-20', 66778899),
('Proveedor F', '2024-01-25', 99887766),
('Proveedor G', '2024-01-30', 55443322),
('Proveedor H', '2024-02-01', 12312312),
('Proveedor I', '2024-02-05', 32132143),
('Proveedor J', '2024-02-10', 11122233),
('Proveedor K', '2024-02-15', 44455566),
('Proveedor L', '2024-02-20', 77788899),
('Proveedor M', '2024-02-25', 66677788),
('Proveedor N', '2024-03-01', 22233344),
('Proveedor O', '2024-03-05', 99988877),
('Proveedor P', '2024-03-10', 55566677),
('Proveedor Q', '2024-03-15', 88899900),
('Proveedor R', '2024-03-20', 33344455),
('Proveedor S', '2024-03-25', 44466688),
('Proveedor T', '2024-03-30', 98712365),
('Proveedor U', '2024-04-01', 78945612),
('Proveedor V', '2024-04-05', 32145698),
('Proveedor W', '2024-04-10', 14725836),
('Proveedor X', '2024-04-15', 96385274),
('Proveedor Y', '2024-04-20', 85296374),
('Proveedor Z', '2024-04-25', 74185296),
('Proveedor AA', '2024-05-01', 12345679),
('Proveedor AB', '2024-05-05', 98765432),
('Proveedor AC', '2024-05-10', 11223346),
('Proveedor AD', '2024-05-15', 55667788),
('Proveedor AE', '2024-05-20', 66778891),
('Proveedor AF', '2024-05-25', 99887761),
('Proveedor AG', '2024-06-01', 55443322),
('Proveedor AH', '2024-06-05', 12312315),
('Proveedor AI', '2024-06-10', 32132142),
('Proveedor AJ', '2024-06-15', 11122235),
('Proveedor AK', '2024-06-20', 44455568),
('Proveedor AL', '2024-06-25', 77788891),
('Proveedor AM', '2024-07-01', 66677782),
('Proveedor AN', '2024-07-05', 22233346),
('Proveedor AO', '2024-07-10', 99988877),
('Proveedor AP', '2024-07-15', 55566679),
('Proveedor AQ', '2024-07-20', 88899902),
('Proveedor AR', '2024-07-25', 33344457),
('Proveedor AS', '2024-08-01', 44466683),
('Proveedor AT', '2024-08-05', 98712363),
('Proveedor AU', '2024-08-10', 78945613),
('Proveedor AV', '2024-08-15', 32145692),
('Proveedor AW', '2024-08-20', 14725833),
('Proveedor AX', '2024-08-25', 96385273);

INSERT INTO `finca`.`ordenes_compra` (Estado, Fecha, Total, idProducto, idMaquinaria, idProveedor, idHerramienta) VALUES
('Pendiente', '2024-01-01', 1500.00, 1, 1, 1, 1),
('Completada', '2024-01-02', 2300.50, 2, 2, 2, 2),
('Cancelada', '2024-01-05', 1200.75, 3, 1, 3, 1),
('Pendiente', '2024-01-10', 800.00, 4, 3, 4, 2),
('Completada', '2024-01-15', 950.25, 5, 2, 1, 3),
('Pendiente', '2024-01-20', 4500.00, 6, 4, 5, 4),
('Completada', '2024-01-25', 600.00, 7, 1, 6, 5),
('Pendiente', '2024-01-30', 1100.50, 8, 3, 7, 1),
('Completada', '2024-02-01', 700.75, 9, 2, 2, 3),
('Cancelada', '2024-02-05', 950.00, 10, 4, 3, 2),
('Pendiente', '2024-02-10', 1500.20, 11, 1, 4, 1),
('Completada', '2024-02-15', 2200.80, 12, 3, 5, 3),
('Pendiente', '2024-02-20', 1250.00, 13, 2, 6, 4),
('Completada', '2024-02-25', 3000.50, 14, 4, 7, 5),
('Pendiente', '2024-03-01', 1350.00, 15, 1, 1, 1),
('Completada', '2024-03-05', 1700.00, 16, 2, 2, 2),
('Cancelada', '2024-03-10', 1200.30, 17, 3, 3, 3),
('Pendiente', '2024-03-15', 1900.45, 18, 4, 4, 4),
('Completada', '2024-03-20', 500.00, 19, 1, 5, 5),
('Pendiente', '2024-03-25', 1800.75, 20, 2, 6, 1),
('Completada', '2024-03-30', 900.50, 21, 3, 7, 2),
('Pendiente', '2024-04-01', 1500.25, 22, 4, 1, 3),
('Completada', '2024-04-05', 2200.80, 23, 1, 2, 4),
('Pendiente', '2024-04-10', 1600.40, 24, 2, 3, 5),
('Completada', '2024-04-15', 750.00, 25, 3, 4, 1),
('Pendiente', '2024-04-20', 1300.55, 26, 4, 5, 2),
('Completada', '2024-04-25', 800.00, 27, 1, 6, 3),
('Pendiente', '2024-05-01', 2000.00, 28, 2, 7, 4),
('Completada', '2024-05-05', 1750.20, 29, 3, 1, 5),
('Pendiente', '2024-05-10', 950.50, 30, 4, 2, 1),
('Completada', '2024-05-15', 1800.00, 31, 1, 3, 2),
('Pendiente', '2024-05-20', 2200.30, 32, 2, 4, 3),
('Completada', '2024-05-25', 1900.45, 33, 3, 5, 4),
('Pendiente', '2024-06-01', 3000.75, 34, 4, 6, 5),
('Completada', '2024-06-05', 1250.60, 35, 1, 7, 1),
('Pendiente', '2024-06-10', 1600.00, 36, 2, 1, 2),
('Completada', '2024-06-15', 1150.75, 37, 3, 2, 3),
('Pendiente', '2024-06-20', 2050.20, 38, 4, 3, 4),
('Completada', '2024-06-25', 1700.45, 39, 1, 4, 5),
('Pendiente', '2024-07-01', 1400.00, 40, 2, 5, 1),
('Completada', '2024-07-05', 1300.00, 41, 3, 6, 2),
('Pendiente', '2024-07-10', 1200.20, 42, 4, 7, 3),
('Completada', '2024-07-15', 1900.75, 43, 1, 1, 4),
('Pendiente', '2024-07-20', 1500.25, 44, 2, 2, 5),
('Completada', '2024-07-25', 900.00, 45, 3, 3, 1),
('Pendiente', '2024-08-01', 700.50, 41, 4, 4, 2),
('Completada', '2024-08-05', 2200.00, 42, 1, 5, 3),
('Pendiente', '2024-08-10', 1600.00, 43, 2, 6, 4),
('Completada', '2024-08-15', 800.25, 44, 3, 7, 5),
('Pendiente', '2024-08-20', 2000.00, 40, 1, 1, 1);

INSERT INTO `finca`.`productos_maquinaria` (Cantidad, idProducto, idMaquinaria) VALUES
(100, 1, 1),
(200, 2, 2),
(150, 3, 1),
(300, 4, 3),
(50, 5, 2),
(75, 6, 4),
(180, 7, 1),
(90, 8, 2),
(120, 9, 3),
(60, 10, 4),
(110, 11, 5),
(70, 12, 6),
(140, 13, 1),
(160, 14, 2),
(80, 15, 3),
(130, 16, 4),
(150, 17, 5),
(170, 18, 6),
(90, 19, 1),
(110, 20, 2),
(140, 21, 3),
(120, 22, 4),
(180, 23, 5),
(75, 24, 6),
(300, 25, 1),
(150, 26, 2),
(200, 27, 3),
(50, 28, 4),
(180, 29, 5),
(220, 30, 6),
(100, 31, 1),
(130, 32, 2),
(160, 33, 3),
(110, 34, 4),
(70, 35, 5),
(140, 36, 6),
(90, 37, 1),
(150, 38, 2),
(120, 39, 3),
(180, 40, 4),
(75, 41, 5),
(300, 42, 6),
(200, 43, 1),
(150, 44, 2),
(80, 45, 3),
(130, 46, 4),
(190, 47, 5),
(100, 48, 6),
(140, 49, 1),
(60, 50, 2);

INSERT INTO `finca`.`productos_ventas` (idProducto, idVenta) VALUES
(1, 1),
(2, 2),
(3, 3),
(4, 4),
(5, 5),
(6, 6),
(7, 7),
(8, 8),
(9, 9),
(10, 10),
(11, 11),
(12, 12),
(13, 13),
(14, 14),
(15, 15),
(16, 16),
(17, 17),
(18, 18),
(19, 19),
(20, 20),
(21, 21),
(22, 22),
(23, 23),
(24, 24),
(25, 25),
(26, 26),
(27, 27),
(28, 28),
(29, 29),
(30, 30),
(31, 31),
(32, 32),
(33, 33),
(34, 34),
(35, 35),
(36, 36),
(37, 37),
(38, 38),
(39, 39),
(40, 40),
(41, 41),
(42, 42),
(43, 43),
(44, 44),
(45, 45),
(46, 46),
(47, 47),
(48, 48),
(49, 49),
(50, 10);

INSERT INTO `finca`.`tareas_herramientas` (idTarea, idHerramienta) VALUES
(1, 1),
(2, 2),
(3, 3),
(4, 4),
(5, 5),
(6, 6),
(7, 7),
(8, 8),
(9, 9),
(10, 10),
(11, 11),
(12, 12),
(13, 13),
(14, 14),
(15, 15),
(16, 16),
(17, 17),
(18, 18),
(19, 19),
(20, 20),
(21, 21),
(22, 22),
(23, 23),
(24, 24),
(25, 25),
(26, 26),
(27, 27),
(28, 28),
(29, 29),
(30, 30),
(31, 31),
(32, 32),
(33, 33),
(34, 34),
(35, 35),
(36, 36),
(37, 37),
(38, 38),
(39, 39),
(40, 40),
(41, 41),
(42, 42),
(43, 43),
(42, 44),
(41, 45),
(42, 46),
(41, 47),
(42, 48),
(41, 49),
(23, 20);
